Latitude,Longitude,Date,Address,Zip
43.050834674,-76.1418345857,2012-12-31T00:00:00Z,711 East Erie Blvd,13210
43.0510857712,-76.1149464405,2012-12-30T00:00:00Z,Peat St,13224
43.0239381348,-76.1579960131,2012-12-30T00:00:00Z,249 Rockland Ave,13207
42.9850876186,-76.1423016334,2012-12-30T00:00:00Z,Gary Ave & Edna Rd,13205
43.0311871945,-76.1136228363,2012-12-29T00:00:00Z,1160 Westmoreland Ave,13210
43.0427107103,-76.1421795385,2012-12-29T00:00:00Z,Almond St. & Monroe St.,13210
43.0239699452,-76.1556507132,2012-12-29T00:00:00Z,107 Rockland Ave,13207
43.0569689795,-76.1675833785,2012-12-26T00:00:00Z,Sand St. & Spencer St.,13204
43.0465312741,-76.1014720185,2012-12-26T00:00:00Z,Gorland Ave,13224
43.0468299101,-76.1169265234,2012-12-25T00:00:00Z,321 Allen St.,13210
43.0546110738,-76.0942412622,2012-12-22T00:00:00Z,East Erie Blvd & Lime St.,13224
43.0546110738,-76.0942412622,2012-12-20T00:00:00Z,East Erie Blvd & Lime St.,13224
43.0313117992,-76.15540925,2012-12-18T00:00:00Z,453 West Castle St.,13205
43.0308281265,-76.1082690724,2012-12-17T00:00:00Z,201-211 Croyden St,13224
43.0527851532,-76.09392675,2012-12-15T00:00:00Z,809 Northway St.,13224
43.0426662447,-76.1366437649,2012-12-14T00:00:00Z,South Crouse aver. & East Adams St,13210
43.0499867766,-76.0996052045,2012-12-14T00:00:00Z,225 Delray Ave,13224
43.0381207746,-76.0935108094,2012-12-13T00:00:00Z,322 Kimber Rd,13214
43.0649880332,-76.1964561845,2012-12-07T00:00:00Z,State Fair Blvd,13204
42.9921760603,-76.1440035456,2012-12-04T00:00:00Z,5414-5416 South Salina St,13205
43.054374757,-76.1500494638,2012-12-04T00:00:00Z,425 North State St.,13203
43.0458440565,-76.1523348854,2012-12-03T00:00:00Z,444 South Salina St.,13202
43.0450695973,-76.1134155733,2012-12-03T00:00:00Z,Ellis St. & East Genesee St.,13224
43.0417537368,-76.1211136034,2012-12-03T00:00:00Z,100 Delhi St.,13210
43.0605159836,-76.1412613838,2012-12-01T00:00:00Z,203 Beecher St,13203
43.0708664852,-76.1287358856,2012-11-29T00:00:00Z,481 Brattle Rd,13203
43.0283786976,-76.1635441721,2012-11-27T00:00:00Z,Eastwood Ave & Onondaga Ave,13207
43.0463086289,-76.1307071197,2012-11-26T00:00:00Z,Comstock Ave & Comstock Pl.,13210
43.0258420443,-76.1703041341,2012-11-25T00:00:00Z,626 Roberts Ave,13207
43.0366278816,-76.1150415946,2012-11-20T00:00:00Z,427 Fellows Ave	,13210
43.0240806684,-76.1555843676,2012-11-09T00:00:00Z,Rockland Ave,13207
43.0423318211,-76.1885481961,2012-11-01T00:00:00Z,Burnet Park Picnic Area,13204
43.0423318211,-76.1885481961,2012-10-31T00:00:00Z,Burnet Park Picnic Area,13204
43.038762696,-76.1674633465,2012-10-29T00:00:00Z,207 Sabine St.,13204
43.0492939949,-76.1342836648,2012-10-26T00:00:00Z,1012 East Washington St.,13210
43.0374713175,-76.1696777175,2012-10-25T00:00:00Z,505 Delaware St.,13204
43.0544513302,-76.095240146,2012-10-24T00:00:00Z,2760 East Erie Blvd,13224
43.0385109158,-76.1299175647,2012-10-23T00:00:00Z,727 Comstock Ave,13210
43.0002679494,-76.151833811,2012-10-21T00:00:00Z,101 MacDougall Pl,13207
43.0087791888,-76.1427886013,2012-10-20T00:00:00Z,105 Dawes Rd,13205
43.0442120992,-76.1450971084,2012-10-19T00:00:00Z,500 Harrison St.,13202
43.0486728835,-76.1508045013,2012-10-19T00:00:00Z,East Fayette St. & Warren St.,13202
43.0323898362,-76.1858401345,2012-10-17T00:00:00Z,1933-1935 Bellevue Ave,13207
43.002871857,-76.133435534,2012-10-15T00:00:00Z,509 East Seneca Tpk,13205
43.0423887583,-76.1540256206,2012-10-15T00:00:00Z,200 Oneida St,13202
43.0112485051,-76.1320612687,2012-10-13T00:00:00Z,153 Ainsely Dr.,13210
43.0415328209,-76.1067690202,2012-10-12T00:00:00Z,Scottholm Blvd & Bradford Pkwy,13224
43.0641104251,-76.1286282228,2012-10-12T00:00:00Z,225 Brattle Rd.,13203
43.0644306389,-76.1286043807,2012-10-11T00:00:00Z,233 Brattle Rd.,13203
43.0349763804,-76.1045222202,2012-10-10T00:00:00Z,1807 Euclid Ave,13224
43.0463086289,-76.1307071197,2012-10-10T00:00:00Z,Comstock Ave & Comstock Pl,13210
43.0487467368,-76.152262607,2012-10-09T00:00:00Z,West Fayette St.,13202
43.047106068,-76.1518744503,2012-10-08T00:00:00Z,115 East Jefferson St.,13202
43.0458046253,-76.1709572347,2012-10-03T00:00:00Z,West Fayette St. & South Geddes St.,13204
43.0404032463,-76.1746588663,2012-09-29T00:00:00Z,Amy St. & Delaware St.,13204
43.033121742,-76.162317348,2012-09-21T00:00:00Z,211 Palmer Ave,13207
43.0112651519,-76.1311262411,2012-09-18T00:00:00Z,201 Ainsley Ave,13210
43.0459429923,-76.1801799419,2012-09-13T00:00:00Z,South Lowell St. & Whitter Ave,13204
43.0502098317,-76.1730215759,2012-09-12T00:00:00Z,Richmond Ave & Wall St,13204
43.0131178975,-76.1350856648,2012-09-11T00:00:00Z,East Brighton Ave & Newbury Hollow Ln,13210
43.0364824892,-76.3082588731,2012-09-05T00:00:00Z,33 South St. Camillus NY,13031
43.034947032,-76.171409697,2012-09-05T00:00:00Z,231 Elliot St.,13204
43.0364824892,-76.3082588731,2012-08-30T00:00:00Z,33 South St. Camillus NY,13031
43.0359141224,-76.1740844346,2012-08-29T00:00:00Z,1204 South Geddes St.,13204
43.0459429923,-76.1801799419,2012-08-29T00:00:00Z,South Lowell St. & Whitter Ave,13204
43.0713931343,-76.1002161841,2012-08-28T00:00:00Z,217 Lamson St.,13206
43.0426995058,-76.1387689854,2012-08-22T00:00:00Z,Adams St.,13210
43.0522190126,-76.1673768671,2012-08-21T00:00:00Z,626 Park Ave.,13204
43.0463639169,-76.159999672,2012-08-21T00:00:00Z,Wyoming St. & Otisco St.,13204
43.0680476821,-76.11635527,2012-08-21T00:00:00Z,2208 James St.,13206
43.038354014,-76.1560584223,2012-08-19T00:00:00Z,Taylor St. & Midland Ave,13202
43.0531986435,-76.1363338876,2012-08-16T00:00:00Z,500 Hawley Ave,13203
43.0551356325,-76.0872960965,2012-08-15T00:00:00Z,102 Headson Dr.,13224
43.0537518829,-76.0907645559,2012-08-14T00:00:00Z,Smith St. & Polk St.,13224
43.0661078551,-76.1620053277,2012-08-14T00:00:00Z,Sunset Ave & Turtle St.,13204
43.0469751956,-76.1371969584,2012-08-14T00:00:00Z,945 East Genesee St.,13210
43.0576107249,-76.1637298291,2012-08-12T00:00:00Z,412 Spencer St.,13204
43.0453896698,-76.1284887179,2012-08-12T00:00:00Z,1215 Madison St.,13210
43.0645554273,-76.1542467314,2012-08-11T00:00:00Z,249 Lilac St.,13208
43.0630571604,-76.1109370644,2012-08-11T00:00:00Z,334 Forest Hill Dr.,13206
43.0468254889,-76.1147098137,2012-08-11T00:00:00Z,418-420 Westmoreland Ave,13210
43.0469100798,-76.0932127101,2012-08-11T00:00:00Z,117 Phillips Rd.,13224
43.057605857,-76.1825647195,2012-08-10T00:00:00Z,1020 West Hiawatha Blvd,13204
43.0659266767,-76.1614718682,2012-08-09T00:00:00Z,318 Sunset Ave.,13204
43.038976784,-76.1515439279,2012-08-09T00:00:00Z,South Clinton St. & Taylor St.,13202
43.0569327223,-76.150151808,2012-08-08T00:00:00Z,400 Prospect Ave,13203
43.0570723566,-76.1502656905,2012-08-08T00:00:00Z,412 Prospect Ave,13203
43.0205830971,-76.1511776674,2012-08-07T00:00:00Z,309 Hope Ave,13205
43.0482656249,-76.1521549271,2012-08-06T00:00:00Z,325 South Salina St.,13202
43.065824295,-76.1319683634,2012-08-06T00:00:00Z,404 Sedgwick Dr.,13203
43.0547953433,-76.1512361258,2012-08-04T00:00:00Z,Pearl St. & East Belden Dr.,13203
43.0752047126,-76.1633005895,2012-08-03T00:00:00Z,Tex Simone Dr,13208
43.0236063024,-76.1483298394,2012-07-29T00:00:00Z,135 Fage Ave.,13205
43.0631870299,-76.1109489472,2012-07-28T00:00:00Z,328 Forest Hill Dr.,13206
43.0415431106,-76.1344001476,2012-07-27T00:00:00Z,200 Marshall St.,13210
43.0495813665,-76.148374283,2012-07-26T00:00:00Z,333 East Washington St,13202
43.0215054058,-76.1743595704,2012-07-26T00:00:00Z,Arden Dr. & South Geddes St.,13207
43.0030682303,-76.1275823028,2012-07-25T00:00:00Z,Intrepaid Ln,13205
43.0488923748,-76.1743054355,2012-07-23T00:00:00Z,Liberty St (Dead End),13204
43.059584844,-76.1554609373,2012-07-23T00:00:00Z,West Division St.,13204
43.0775326148,-76.161493053,2012-07-23T00:00:00Z,Grant Blvd & Hiawatha Blvd,13208
43.0251531384,-76.1205740927,2012-07-22T00:00:00Z,Buckingham Ave & Meadowbrook Dr.,13210
43.077912307,-76.1470719218,2012-07-20T00:00:00Z,1416 Court St,13208
43.025960368,-76.1207260701,2012-07-19T00:00:00Z,464 Buckingham Ave,13210
43.0430462974,-76.1109984679,2012-07-18T00:00:00Z,241 Scottholm Ter.,13224
43.0181689728,-76.1302096683,2012-07-16T00:00:00Z,900 Jamesville Ave,13210
43.0506541991,-76.1363940419,2012-07-12T00:00:00Z,1000 Erie Blvd,13210
43.0103559679,-76.1505121954,2012-07-10T00:00:00Z,621 Ballantyne Rd,13207
43.0569080116,-76.1659633655,2012-07-09T00:00:00Z,500 Spencer St.,13204
43.0512845736,-76.1039711334,2012-06-28T00:00:00Z,300 Seeley Rd,13224
43.0494879904,-76.1397818559,2012-06-25T00:00:00Z,811 East Washington St.,13210
43.0042600885,-76.1576663029,2012-06-25T00:00:00Z,410 Englewood Ave,13207
43.0333450107,-76.1552037845,2012-06-20T00:00:00Z,Hovey St. & Midland Ave,13202
43.0552813402,-76.1967431574,2012-06-19T00:00:00Z,Essex St. & Avery Ave,13204
43.0402912396,-76.0856847831,2012-06-18T00:00:00Z,516 Hillsboro Pkwy,13214
43.0554199032,-76.1473689638,2012-06-17T00:00:00Z,518 North Townsend St.,13203
43.0509176241,-76.1521128184,2012-06-15T00:00:00Z,North Salina St.,13202
43.0740439592,-76.1503595397,2012-06-07T00:00:00Z,2527-2529 Grant Blvd,13208
43.0338859373,-76.1404260665,2012-06-01T00:00:00Z,156-162 Oakland St.,13210
43.0119436243,-76.1578843531,2012-05-30T00:00:00Z,100 Marvin Rd,13207
43.0564436312,-76.1624142684,2012-05-14T00:00:00Z,308 Maltbie St.,13204
43.0482857214,-76.1159172323,2012-05-10T00:00:00Z,1951 East Fayette St.,13210
43.0405204552,-76.1476467712,2012-05-07T00:00:00Z,1000 South State St.,13202
43.0433282578,-76.0887249141,2012-05-07T00:00:00Z,316 Carlton Dr.,13214
43.0594659666,-76.1133708821,2012-05-07T00:00:00Z,474 Hickok Ave,13206
43.0659266767,-76.1614718682,2012-05-04T00:00:00Z,318 Sunset Ave.,13204
43.0388937421,-76.1077814997,2012-04-27T00:00:00Z,306 Scott Ave,13224
43.0648107366,-76.0898056516,2012-04-25T00:00:00Z,1650 Glencove Ave.,13206
43.0415161625,-76.1066861618,2012-04-19T00:00:00Z,109 Bradford Pkwy,13224
43.0405486216,-76.1063495639,2012-04-19T00:00:00Z,Bradford Pkwy & Meadowbrook Dr.,13224
43.0511071679,-76.1754554321,2012-04-17T00:00:00Z,205/207 Apple St.,13204
43.0405486216,-76.1063495639,2012-04-17T00:00:00Z,Bradford Pkwy & Meadowbrook Dr.,13224
43.0710145899,-76.1026578197,2012-04-16T00:00:00Z,921 Tyson Pl.,13206
43.0547371118,-76.1964660715,2012-04-14T00:00:00Z,929 Avery Ave.,13204
43.0020135773,-76.1294090599,2012-04-14T00:00:00Z,East Seneca Tpk & East Brighton Ave,13205
43.0483285963,-76.1195261006,2012-04-05T00:00:00Z,1813 East Fayette St.,13210
43.0551498811,-76.0873861083,2012-04-04T00:00:00Z,Headson Dr.,13224
43.0032105246,-76.1300905378,2012-03-30T00:00:00Z,944 East Brighton Ave.,13205
43.0334875859,-76.1469773256,2012-03-28T00:00:00Z,East Castle St. & South State St.,13205
43.0483299203,-76.1196344431,2012-03-28T00:00:00Z,1809 East Fayette St.,13210
43.0501249895,-76.1506522524,2012-03-27T00:00:00Z,205 East Genesee St.,13202
43.005341355,-76.1431293244,2012-03-27T00:00:00Z,East Glen Ave.,13205
43.0536914016,-76.145649004,2012-03-22T00:00:00Z,518 James St.,13203
43.0504834193,-76.1389439819,2012-03-20T00:00:00Z,East Washington St.,13210
43.0427702038,-76.09206238,2012-03-20T00:00:00Z,201 East Genesee Pkwy,13214
43.0474631155,-76.1544204028,2012-03-18T00:00:00Z,238 West Jefferson Ave.,13202
43.020520732,-76.1284300813,2012-03-15T00:00:00Z,1302 Comstock Ave.,13210
43.0112263852,-76.126628588,2012-03-15T00:00:00Z,336 Ainsley Dr.,13210
43.0512549962,-76.1793684688,2012-03-15T00:00:00Z,Lakeview Ave. & Apple St.,13204
43.0325939822,-76.144726317,2012-03-11T00:00:00Z,552 Oakwood Ave.,13205
43.0182280472,-76.130083613,2012-03-07T00:00:00Z,901 Jamesville Ave.,13210
43.0273006559,-76.1219795926,2012-03-06T00:00:00Z,1347 Lancaster Ave.,13210
43.0182280472,-76.130083613,2012-03-05T00:00:00Z,901 Jamesville Ave.,13210
43.0009434906,-76.159124983,2012-03-03T00:00:00Z,173 Hopper Rd.,13207
43.0230401116,-76.1203290551,2012-03-02T00:00:00Z,555 Buckingham Ave.,13210
43.0111085419,-76.1338002772,2012-03-02T00:00:00Z,Ainsley Dr,13210
43.0030509434,-76.1298492835,2012-03-01T00:00:00Z,971 East Brighton Ave.,13205
43.0029413245,-76.1297951237,2012-02-25T00:00:00Z,985 E. Brighton Ave.,13205
43.0257221307,-76.1335280818,2012-02-20T00:00:00Z,East Colvin St & Hughes Pl.,13210
43.0663112855,-76.1259677183,2012-02-10T00:00:00Z,133 Chatham Rd.,13203
43.0796201256,-76.1531525463,2012-02-10T00:00:00Z,100 Bellshire Ln.,13208
43.0112263852,-76.126628588,2012-02-10T00:00:00Z,336 Ainsley Dr.,13210
43.0502710239,-76.1342516064,2012-02-08T00:00:00Z,University Ave. & East Water St.,13210
43.0265128675,-76.1624825568,2012-02-06T00:00:00Z,115-117 Parkview Ave.,13207
43.0733914701,-76.1627259183,2012-02-05T00:00:00Z,1604 Spring St.,13208
43.0255316249,-76.1452890558,2012-02-05T00:00:00Z,South Salina St. & East Colvin St.,13205
43.0537896177,-76.1736822052,2012-02-05T00:00:00Z,400 Liberty St.,13204
43.0209356091,-76.1557219637,2012-02-03T00:00:00Z,Hunt Ave & Elmhurst Ave,13207
43.0272498218,-76.1728231871,2012-02-01T00:00:00Z,Alanson Rd.,13207
43.0666949878,-76.1573579266,2012-02-01T00:00:00Z,North Alvord St. & Danforth St.,13208
43.0673710237,-76.1271820085,2012-01-30T00:00:00Z,Rugby Rd. & Durston Ave.,13203
43.0716978081,-76.1312336664,2012-01-29T00:00:00Z,223 Woodlawn Ter.,13203
43.0501930108,-76.1752502501,2012-01-27T00:00:00Z,547-549 Richmond Ave,13204
43.0541715142,-76.1341127387,2012-01-25T00:00:00Z,621 Hawley Ave,13203
43.0694191264,-76.0939964112,2012-01-23T00:00:00Z,James St. & Ridgewood Dr.,13206
43.0653879091,-76.1539386349,2012-01-22T00:00:00Z,746 North Alvord St.,13208
43.0702036063,-76.1483158228,2012-01-22T00:00:00Z,Pond St. & Griffith St.,13208
42.9962397626,-76.1378496778,2012-01-19T00:00:00Z,Cheltenham Rd. & Sunrise Dr.,13205
42.9936795188,-76.1365003418,2012-01-18T00:00:00Z,132 Lynn Ct.,13205
42.9962397626,-76.1378496778,2012-01-14T00:00:00Z,Cheltenham Rd. & Sunrise Dr.,13205
43.0778737857,-76.1380643497,2012-01-12T00:00:00Z,Harding St. & Huntley St.,13208
43.0672423867,-76.1461226704,2012-01-09T00:00:00Z,East Division St. & Gilbert Ave.,13208
43.0535726929,-76.0941491104,2012-01-06T00:00:00Z,Polk St. & Lime St.,13224
43.0355005021,-76.1471631898,2012-01-04T00:00:00Z,East Raynor Ave. & South State St.,13202
43.0701780468,-76.1261815922,2012-01-04T00:00:00Z,244 Wheaton Rd.,13203
43.0317050327,-76.1586958876,2012-01-03T00:00:00Z,709 South Ave.,13207
43.0483834919,-76.1233180685,2011-12-30T00:00:00Z,1605 East Fayette St.,13210
43.0635343969,-76.1533852693,2011-12-26T00:00:00Z,121 Pond St.,13208
43.0637498009,-76.111000436,2011-12-24T00:00:00Z,302 Forest Hill Dr.,13206
43.0404998226,-76.1328728658,2011-12-20T00:00:00Z,Waverly Ave. & Walnut Pl,13210
43.0632199255,-76.1121815763,2011-12-15T00:00:00Z,325 Stafford Ave.,13206
43.0672204332,-76.1513824493,2011-12-15T00:00:00Z,609 Carbon St.,13208
43.0686798657,-76.1104579141,2011-12-14T00:00:00Z,100 Lillian Ave.,13206
43.062863425,-76.1154167687,2011-12-13T00:00:00Z,240 Shotwell Pk.,13206
43.0458046783,-76.1571986648,2011-12-12T00:00:00Z,Tully St.,13202
43.0650411247,-76.1565679143,2011-12-03T00:00:00Z,309 Kirkpatrick St,13208
43.0498899524,-76.1610154815,2011-12-02T00:00:00Z,515 West Erie Blvd.,13204
43.0534398292,-76.1276576762,2011-12-02T00:00:00Z,325 North Beech St.,13203
43.037093972,-76.1571156836,2011-12-01T00:00:00Z,175 Lincoln Ave,13204
43.0422940191,-76.1620828611,2011-11-29T00:00:00Z,347 Seymour St.,13204
43.0698453611,-76.1135036038,2011-11-22T00:00:00Z,North Ave. & Arnett St.,13206
43.0698453611,-76.1135036038,2011-11-21T00:00:00Z,North Ave. & Arnett St.,13206
43.0744549067,-76.1342392673,2011-11-15T00:00:00Z,257 Pleasant View Ave.,13208
43.06348642,-76.155381222,2011-11-09T00:00:00Z,940 North Salina St.,13208
43.0547953433,-76.1512361258,2011-11-08T00:00:00Z,Pearl St. & East Belden Ave.,13203
43.0427580993,-76.1501740624,2011-11-07T00:00:00Z,East Adams St. & Harrison Pl.,13202
43.0412252077,-76.0824241414,2011-11-05T00:00:00Z,Manor Dr. & Barrington Rd.,13214
43.0796559485,-76.1603582987,2011-11-01T00:00:00Z,825 E. Hiawatha Blvd.,13208
43.0796559485,-76.1603582987,2011-10-31T00:00:00Z,825 E. Hiawatha Blvd.,13208
43.0386005089,-76.1105004516,2011-10-28T00:00:00Z,Scottholm Ter. & Sunnyside Rd.,13224
43.0362368504,-76.1126553993,2011-10-26T00:00:00Z,539 Cumberland Ave.,13210
43.0653692204,-76.0893203366,2011-10-25T00:00:00Z,128 Conklin Ave.,13206
43.0635922624,-76.1572546424,2011-10-22T00:00:00Z,Union Pl.,13208
43.0008221708,-76.1301715503,2011-10-20T00:00:00Z,124 LaFayette Rd.,13205
43.0355767726,-76.1453885104,2011-10-18T00:00:00Z,Truth Ter. & Oakwood Ave.,13202
43.0647952561,-76.0903587347,2011-10-14T00:00:00Z,301 Boston St.,13206
43.0378379027,-76.1499034779,2011-10-05T00:00:00Z,1000 South Salina St.,13202
43.0339907898,-76.1520104665,2011-10-02T00:00:00Z,100 Oxford Rd.,13202
43.046821382,-76.1351982267,2011-09-28T00:00:00Z,1060 East Genesee St.,13210
43.0521141768,-76.1325171731,2011-09-28T00:00:00Z,Lodi St. & Burnet Ave.,13203
43.0423318211,-76.1885481961,2011-09-25T00:00:00Z,Burnet Ave.,13204
43.0353575428,-76.1783414366,2011-09-22T00:00:00Z,319 Lydell St.,13204
43.0501994073,-76.1180767827,2011-09-21T00:00:00Z,1807 West Erie Blvd.,13210
43.0400594209,-76.1604043864,2011-09-14T00:00:00Z,306 Slocum Ave.,13204
43.0781155464,-76.1669524288,2011-09-13T00:00:00Z,Alliance Stadium,13208
43.028208132,-76.1525759587,2011-09-12T00:00:00Z,315 Kirk Ave.,13205
43.0384229425,-76.1444899603,2011-09-12T00:00:00Z,461 Britte Rd.,13202
43.0599588673,-76.197443541,2011-09-07T00:00:00Z,1318 Willis Ave.,13204
1, 1,2011-09-07T00:00:00Z,6801 Voorhies Ln.,
43.0525746717,-76.1332541205,2011-09-04T00:00:00Z,310 Lodi St.,13203
43.0365920149,-76.0988759845,2011-09-03T00:00:00Z,438 Brookford Rd.,13224
43.0511071679,-76.1754554321,2011-09-02T00:00:00Z,205 Apple St.,13204
43.0523347867,-76.1454088598,2011-09-02T00:00:00Z,207 Burnet Ave.,13203
43.0288292401,-76.1787674089,2011-09-01T00:00:00Z,Woodland Reservoir,13207
43.0008506495,-76.1437249319,2011-09-01T00:00:00Z,122 West Seneca Tpk.,13205
43.0532661856,-76.1414129561,2011-08-27T00:00:00Z,320 Hawley Ave.,13203
43.0778164199,-76.1417457782,2011-08-24T00:00:00Z,319 Hillside St.,13208
43.0778164199,-76.1417457782,2011-08-22T00:00:00Z,319 Hillside St.,13208
43.0531638667,-76.1302444765,2011-08-19T00:00:00Z,333 Elm St.,13203
43.0531638667,-76.1302444765,2011-08-19T00:00:00Z,333/335 Elm St.,13203
43.0544000646,-76.0957310238,2011-08-18T00:00:00Z,2740 East Erie Blvd.,13224
43.0586487842,-76.1809796827,2011-08-10T00:00:00Z,935 East Hiawatha Blvd.,13204
43.041774149,-76.1347569611,2011-08-07T00:00:00Z,750 University Ave.,13210
43.0481472203,-76.171694971,2011-08-06T00:00:00Z,836 West Erie Blvd.,13204
43.0500396473,-76.1662138162,2011-08-04T00:00:00Z,VanRensselaer St. & Richmond Ave.,13204
43.052864661,-76.1933063808,2011-08-04T00:00:00Z,Herkimer St. & Charlotte St.,13204
43.0506783076,-76.134240217,2011-08-02T00:00:00Z,East Erie Blvd & University Ave.,13210
43.0536706231,-76.0933387544,2011-07-28T00:00:00Z,123 Polk St.,13224
43.0549788905,-76.0863059754,2011-07-26T00:00:00Z,124 Headson Dr.,13224
43.0382368699,-76.1473686659,2011-07-26T00:00:00Z,Burt St. & South State St.,13202
43.0563109217,-76.1676811897,2011-07-25T00:00:00Z,313 Sand St.,13204
43.0025121558,-76.1345191516,2011-07-23T00:00:00Z,450 East Seneca Tpke.,13205
43.0238441943,-76.128658912,2011-07-21T00:00:00Z,East Colvin St. & Comstock Ave.,13210
43.0756345688,-76.1533814748,2011-07-20T00:00:00Z,132 Brace St.,13208
43.038374843,-76.1810632279,2011-07-19T00:00:00Z,601 Grand  Ave.,13204
43.0574828469,-76.1958079448,2011-07-18T00:00:00Z,Chemung St. & Willis Ave.,13204
43.0663362479,-76.1228432729,2011-07-17T00:00:00Z,1345 Teal Ave.,13206
43.0248461139,-76.112217196,2011-07-14T00:00:00Z,1143 Cumberland Ave.,13210
43.0329927713,-76.1487671254,2011-07-14T00:00:00Z,100 East Castle St.,13205
43.0872599642,-76.1639257925,2011-07-13T00:00:00Z,7th North Street & Terminal Rd.,13088
43.0551075342,-76.1156447185,2011-07-13T00:00:00Z,Peat St. & Riegal St.,13206
43.0237403644,-76.1285705386,2011-07-12T00:00:00Z,1300 East Colvin St.,13210
43.0551075342,-76.1156447185,2011-07-12T00:00:00Z,Riegel St. & Peat St.,13206
43.0800318838,-76.1536365739,2011-07-12T00:00:00Z,Lemoyne Ave & 7th North St.,13208
43.0578989263,-76.1985380294,2011-07-10T00:00:00Z,1130 Avery Ave.,13204
43.0789317531,-76.1337165014,2011-07-08T00:00:00Z,221 Rivoli Ave.,13208
43.0551075342,-76.1156447185,2011-07-05T00:00:00Z,Riegel St. & Peat St.,13206
43.0358667896,-76.1496033264,2011-07-01T00:00:00Z,1150 South Salina St.,13202
43.0486647323,-76.1947294811,2011-06-30T00:00:00Z,501 Myrtle St.,13204
42.9871271661,-76.1419188446,2011-06-30T00:00:00Z,108 East Oakley Dr.,13205
43.013635331,-76.1262786923,2011-06-29T00:00:00Z,1300 Jamesville Ave.,13210
43.0494833923,-76.1438772693,2011-06-28T00:00:00Z,East Washington st. & South McBride St.,13202
43.0752497708,-76.1068978402,2011-06-27T00:00:00Z,357 North Edwards Ave.,13206
43.0493786437,-76.1398847738,2011-06-24T00:00:00Z,800 East Washington St.,13210
43.0687511584,-76.1072643783,2011-06-21T00:00:00Z,2820 James St.,13206
43.0550632153,-76.0901391194,2011-06-20T00:00:00Z,2921 East Erie Blvd.,13224
43.05721026,-76.1722105314,2011-06-17T00:00:00Z,805 Spencer St.,13204
43.0549896661,-76.0827962654,2011-06-06T00:00:00Z,Headson Dr. & Thompson Rd.,13214
43.047045791,-76.1515018989,2011-06-06T00:00:00Z,East Jefferson St. & Bank Aly.,13202
43.0523348041,-76.170537368,2011-06-04T00:00:00Z,408 North Geddes st.,13204
43.0010006541,-76.1591142199,2011-06-03T00:00:00Z,171 Hopper Rd.,13207
43.0544000646,-76.0957310238,2011-05-31T00:00:00Z,2740 East Erie Blvd,13224
43.0650140644,-76.1226951659,2011-05-24T00:00:00Z,Teal Ave. & James St.,13206
43.0119568616,-76.1605984866,2011-05-18T00:00:00Z,Barns Ave & Palmer Ave.,13207
43.0406588584,-76.1612214345,2011-05-17T00:00:00Z,214 Slocum Ave.,13204
43.0317126373,-76.1623366958,2011-05-14T00:00:00Z,Sterling Ave. & Palmer Ave.,13207
43.0251732959,-76.1204873504,2011-05-11T00:00:00Z,200 Meadowbrook Dr.,13210
43.0251531384,-76.1205740927,2011-05-06T00:00:00Z,Meadowbrook Dr. & Buckingham Ave,13210
43.0239686204,-76.1557430709,2011-05-05T00:00:00Z,115 Rockland Ave.,13207
43.043960422,-76.1563832984,2011-05-03T00:00:00Z,103 McCormick Ave,13202
43.0590802086,-76.1978196908,2011-05-03T00:00:00Z,1211 Milton Ave.,13204
43.0477185441,-76.1125408532,2011-04-28T00:00:00Z,213 Croly St.,13224
43.0349060558,-76.1081190654,2011-04-25T00:00:00Z,Janet Dr. & Euclid Ave.,13224
43.0374385696,-76.1060328123,2011-04-23T00:00:00Z,Standish Dr. & Shirley Rd.,13224
43.0480907492,-76.1127259081,2011-04-22T00:00:00Z,200 Croly St.,13224
43.0620239317,-76.1222585781,2011-04-13T00:00:00Z,107 Mariposa St.,13206
43.0781155464,-76.1669524288,2011-04-13T00:00:00Z,Alliance Bank Stadium,13208
43.0190556448,-76.1308943446,2011-03-26T00:00:00Z,Jamesville Ave & Thurber St.,13210
43.0302993389,-76.1196843245,2011-03-24T00:00:00Z,504 Broad St.,13210
43.0587940875,-76.1030650459,2011-03-23T00:00:00Z,Nichols Ave. & Burnet Ave,13206
43.0598249542,-76.1509280459,2011-03-21T00:00:00Z,Ash St. & North Townsend St.,13208
43.0246685341,-76.1691970062,2011-03-17T00:00:00Z,East Hiawatha Blvd.,13207
43.0828487416,-76.1576015161,2011-03-17T00:00:00Z,Hiawatha Blvd. &  7th North St.,13208
43.0389872476,-76.0800757524,2011-03-17T00:00:00Z,3906 East Genesee St.,13214
43.0368669102,-76.1512879002,2011-03-17T00:00:00Z,1054 South Clinton St.,13202
43.0706910199,-76.1524081992,2011-03-14T00:00:00Z,1005 1st North St.,13208
43.0779368046,-76.1470265255,2011-03-10T00:00:00Z,1420 Court St.,13208
43.0447748686,-76.1581647284,2011-03-09T00:00:00Z,Fabius St. & West St.,13202
43.0354796527,-76.1647771186,2011-03-04T00:00:00Z,119 Delaware St.,13204
43.0353771804,-76.1369190822,2011-03-02T00:00:00Z,Forestry Dr./Joseph Illick Hall,13210
43.0271244798,-76.1725083198,2011-03-02T00:00:00Z,125 Robineau Rd.,13207
43.0608853231,-76.1005174707,2011-03-01T00:00:00Z,1200 Caleb Ave,13206
43.065644308,-76.0905755244,2011-02-24T00:00:00Z,264 Boston St,13206
43.0370591254,-76.1622216355,2011-02-23T00:00:00Z,West Onon St & Rich St,13204
43.0606929362,-76.0945186533,2011-02-23T00:00:00Z,3100 Burnet Ave,13206
43.0655571507,-76.0905686865,2011-02-22T00:00:00Z,268 Boston St,13206
43.0794102381,-76.1601988843,2011-02-21T00:00:00Z,825 East Hiawatha Blvd,13208
43.0285355243,-76.1583646092,2011-02-18T00:00:00Z,135 Crescent St,13205
43.0493118015,-76.1342047141,2011-02-17T00:00:00Z,1100 East Washington St,13210
43.0535201119,-76.1040887722,2011-02-17T00:00:00Z,East Erie Blvd & Seeley Rd,13224
43.0535201119,-76.1040887722,2011-02-17T00:00:00Z,900 Emerson Ave,13204
43.0504445086,-76.147363749,2011-02-16T00:00:00Z,Water St & North State St,13202
43.0678881879,-76.1254747086,2011-02-16T00:00:00Z,103 Dorchester Ave,13203
43.0582982979,-76.1928687621,2011-02-16T00:00:00Z,867 Emerson Ave,13204
43.0404214126,-76.1520095694,2011-02-15T00:00:00Z,900 South Clinton St,13202
43.0509080517,-76.1536175397,2011-02-13T00:00:00Z,South Clinton St,13202
43.0750834343,-76.1068885193,2011-02-13T00:00:00Z,351 North Edwards Ave,13206
43.024580704,-76.1598950752,2011-02-13T00:00:00Z,Parkway Dr & Temple Pl,13207
43.0462729526,-76.1733081272,2011-02-12T00:00:00Z,1153 West Fayette St,13204
43.024580704,-76.1598950752,2011-02-10T00:00:00Z,Parkway Dr & Temple Pl,13207
43.0499769101,-76.1633247684,2011-02-10T00:00:00Z,400 Tracy St,13204
43.0462729526,-76.1733081272,2011-02-10T00:00:00Z,1153 West Fayette St,13204
43.0420197453,-76.0884908162,2011-02-09T00:00:00Z,3538 East Genesee St,13214
43.0356859804,-76.1796415316,2011-02-08T00:00:00Z,Hoefler St & Rowland St,13204
43.0684139319,-76.1465831885,2011-02-06T00:00:00Z,1st North St & Cleveland Ave,13208
43.0332225412,-76.1524301629,2011-02-04T00:00:00Z,101 Blaine St,13202
43.0731383091,-76.1030066014,2011-02-03T00:00:00Z,178 Colby St,13206
43.0655007605,-76.0893310729,2011-01-31T00:00:00Z,108-112 Conklin Ave,13206
43.0239337364,-76.1583374522,2011-01-31T00:00:00Z,263 Rockland Ave,13207
43.0243250219,-76.1629334605,2011-01-31T00:00:00Z,Parkway Dr. & Bellaire Pl.,13207
43.0116316644,-76.1497292901,2011-01-31T00:00:00Z,115 Conan St,13205
43.03674911,-76.1723117784,2011-01-30T00:00:00Z,320 Putman St,13204
43.0468095117,-76.0935062121,2011-01-28T00:00:00Z,100 Phillips Rd,13224
43.0504188578,-76.1149694559,2011-01-27T00:00:00Z,Westmoreland Ave & Dakin St,13224
43.0530952571,-76.1330527387,2011-01-27T00:00:00Z,100 Manilla St,13203
43.0515333458,-76.1253861352,2011-01-26T00:00:00Z,991 Canal St,13210
43.0476582524,-76.1399438941,2011-01-26T00:00:00Z,Foreman Ave & Wellington Pl,13210
43.0509793068,-76.1591633749,2011-01-26T00:00:00Z,Tracy St,13202
43.0413831871,-76.0858323052,2011-01-26T00:00:00Z,3600 East Genesee St,13214
43.0383037744,-76.1824144565,2011-01-24T00:00:00Z,700-900 Grand Ave,13204
43.0509793068,-76.1591633749,2011-01-23T00:00:00Z,Tracy St,13202
43.050215446,-76.1341860339,2011-01-20T00:00:00Z,1100 East Water St,13210
43.0502936214,-76.1364708239,2011-01-18T00:00:00Z,South Crouse Ave & East Water St,13210
43.0105817331,-76.1605559733,2011-01-17T00:00:00Z,306 Barnes Ave,13207
43.0239663021,-76.1559046955,2011-01-16T00:00:00Z,129 Rockland Ave,13207
43.0168072321,-76.1280887689,2011-01-14T00:00:00Z,1520 Comstock Ave,13210
43.0168866272,-76.128916081,2011-01-14T00:00:00Z,1003 Jamesville Ave,13210
43.0711367925,-76.1000540426,2011-01-14T00:00:00Z,200 Lamson St,13206
43.0510857712,-76.1149464405,2011-01-12T00:00:00Z,Peat St,13224
43.0676323091,-76.1251368886,2010-12-31T00:00:00Z,315 Rugby Rd.,13203
43.0742441604,-76.1497595176,2010-12-30T00:00:00Z,1017 Kirkpatrick St.,13208
43.0260211635,-76.1596068758,2010-12-30T00:00:00Z,130 West Bissell St.,13207
43.0742441604,-76.1497595176,2010-12-30T00:00:00Z,1017 Kirkpatrick St.,13208
43.0735515468,-76.1098093521,2010-12-30T00:00:00Z,300 Norwood Ave.,13206
43.0208672567,-76.1270515308,2010-12-29T00:00:00Z,129 Goodrich Ave.,13210
43.0481641828,-76.1760755905,2010-12-28T00:00:00Z,1033 West Erie Blvd,13204
42.9989498263,-76.1552330473,2010-12-28T00:00:00Z,203 Merritt Ave.,13207
43.0500613843,-76.1588660639,2010-12-27T00:00:00Z,West St. & Water St.,13202
43.0716280529,-76.1263633441,2010-12-23T00:00:00Z,Wheaton Rd. & Mertens Ave.,13203
43.0453461574,-76.1343625178,2010-12-22T00:00:00Z,University Ave. & Madison St.,13210
43.040474042,-76.1366230703,2010-12-21T00:00:00Z,100 Waverly Ave.,13210
43.0487060282,-76.1662644651,2010-12-21T00:00:00Z,Erie Blvd & VanRenssalear St.,13204
42.9872029593,-76.1428962201,2010-12-19T00:00:00Z,101 Oakley Dr.,13205
43.015615681,-76.1563517979,2010-12-19T00:00:00Z,159 Vale St.,13205
43.035101988,-76.1689361522,2010-12-18T00:00:00Z,Elliot St. & Putnam St.,13204
43.0123901409,-76.1448960843,2010-12-17T00:00:00Z,200 Hall Ave.,13205
43.0789317531,-76.1337165014,2010-12-15T00:00:00Z,221 Rivoli Ave,13208
43.0562517383,-76.189604065,2010-12-15T00:00:00Z,800 Emerson Ave,13204
43.0414472747,-76.1066625349,2010-12-14T00:00:00Z,115 Bradford Pkwy.,13224
43.0622428154,-76.0926296575,2010-12-14T00:00:00Z,427 Cloveridge Rd.,13206
43.0038064051,-76.1302822986,2010-12-09T00:00:00Z,911 East Brighton Ave.,13205
43.0138327329,-76.1253604479,2010-12-07T00:00:00Z,121 Tejah Ave.,13210
43.0239669641,-76.1558585167,2010-12-07T00:00:00Z,125 Rockland Ave.,13207
43.0170243785,-76.1414103191,2010-12-06T00:00:00Z,3226 South Salina Ave.,13205
43.0567200027,-76.1349198366,2010-12-06T00:00:00Z,360 Green St.,13203
43.0179387227,-76.1298317881,2010-12-02T00:00:00Z,923  Jamesville Ave.,13210
43.0554199032,-76.1473689638,2010-12-02T00:00:00Z,518 North Townsend St.,13203
43.0438983257,-76.0901109426,2010-11-30T00:00:00Z,225 Deforest Rd.,13214
43.0554199032,-76.1473689638,2010-11-28T00:00:00Z,518 North Townsend St.,13203
43.0427556683,-76.0901071814,2010-11-28T00:00:00Z,307 East Genesee Pkwy.,13214
43.0521222043,-76.104049649,2010-11-27T00:00:00Z,212 Seeley Rd.,13224
43.0599230023,-76.1162586301,2010-11-25T00:00:00Z,701 Robinson St.,13206
43.0197490378,-76.1618045513,2010-11-23T00:00:00Z,218 Clyde Ave.,13207
42.9957485019,-76.1368381025,2010-11-23T00:00:00Z,138 Thurlow Dr.,13205
43.0619547687,-76.1033207112,2010-11-20T00:00:00Z,Sunny Crest Rd. & Nichols Ave.,13206
43.0521251248,-76.149122192,2010-11-20T00:00:00Z,325 James St.,13203
43.0538250448,-76.1009519962,2010-11-17T00:00:00Z,2600 East Erie Blvd.,13224
43.0782546453,-76.1465572651,2010-11-17T00:00:00Z,Dale St. & Court St.,13208
43.0464361149,-76.1904568844,2010-11-17T00:00:00Z,210 Avery St..,13204
43.0138617689,-76.1704511418,2010-11-13T00:00:00Z,421 Mitchell Ave.,13207
43.0306703219,-76.1083740988,2010-11-11T00:00:00Z,210 Croyden Rd.,13224
43.0509596906,-76.1554129111,2010-11-08T00:00:00Z,North Franklin St.,13202
43.0537518829,-76.0907645559,2010-11-07T00:00:00Z,Smith St. & Polk St.,13224
43.0218074359,-76.1500446384,2010-11-05T00:00:00Z,1812 Midland Ave.,13205
43.0055812102,-76.1450718164,2010-11-05T00:00:00Z,166 West Glen Ave.,13205
43.0500894108,-76.1182391587,2010-11-03T00:00:00Z,Erie Blvd. & Lombard Ave.,13210
43.0582982979,-76.1928687621,2010-11-02T00:00:00Z,865 Emerson Ave.,13204
43.0396589665,-76.1057156824,2010-11-02T00:00:00Z,205 Bradford Pkwy.,13224
43.0396589665,-76.1057156824,2010-11-01T00:00:00Z,205 Bradford Pkwy.,13224
43.0751800932,-76.1425780469,2010-10-28T00:00:00Z,Butternut St. & Dale St,13208
43.0366362622,-76.1472507419,2010-10-26T00:00:00Z,South State St. & Pavilion Ter.,13202
43.0228950091,-76.163621045,2010-10-26T00:00:00Z,1629 West Colvin St.,13207
43.0493199898,-76.1234745003,2010-10-25T00:00:00Z,East Erie Blvd. & Cherry St.,13210
43.0257221307,-76.1335280818,2010-10-25T00:00:00Z,East Colvin St. & Hughes Pl.,13210
43.0253934281,-76.1333248806,2010-10-22T00:00:00Z,121 Hughes Pl.,13210
43.0383146975,-76.0963313994,2010-10-20T00:00:00Z,Euclid St. & Guilford St.,13224
43.0542877653,-76.1446403955,2010-10-20T00:00:00Z,401 North McBride St.,13203
43.0485362985,-76.1731697342,2010-10-10T00:00:00Z,101 Wall St.,13204
43.0498929292,-76.1614703916,2010-10-01T00:00:00Z,530 West Erie Blvd.,13204
43.0311392703,-76.1645334076,2010-09-29T00:00:00Z,327 Onondaga Ave,13207
43.0384000663,-76.1438039329,2010-09-27T00:00:00Z,South McBride St. & Burt St.,13202
43.0190172063,-76.1364698248,2010-09-22T00:00:00Z,102 Stevens Pl.,13210
43.0377039804,-76.1843145257,2010-09-21T00:00:00Z,800 Grand Ave,13204
43.0690820741,-76.1014777145,2010-09-20T00:00:00Z,Lynwood Ave & James St.,13206
43.036228861,-76.1590777514,2010-09-18T00:00:00Z,706 Tallman St.,13204
42.9691439491,-76.4427928004,2010-09-13T00:00:00Z,4070 Mill Road Skaneateles NY,13152
43.0521645723,-76.1152155971,2010-09-11T00:00:00Z,Deat St.,13210
43.0378196801,-76.1771704337,2010-09-10T00:00:00Z,Herriman St & Fitch St,13204
43.0579323069,-76.1911830831,2010-09-09T00:00:00Z,827 Emerson Ave,13204
43.0360584828,-76.1590181435,2010-09-07T00:00:00Z,314 South Ave.,13204
43.0180846209,-76.148633207,2010-09-03T00:00:00Z,2202 Midland Ave,13205
43.0580262635,-76.1913598246,2010-09-01T00:00:00Z,829 Emerson Ave.,13204
42.9943358881,-76.1377807906,2010-09-01T00:00:00Z,300 Sunrise Dr.,13205
43.0507959156,-76.1437836958,2010-08-31T00:00:00Z,100 North McBride St.,13210
43.0131651441,-76.1448768456,2010-08-31T00:00:00Z,151 West Matson Ave,13205
43.0531638667,-76.1302444765,2010-08-25T00:00:00Z,333 Elm St.,13203
43.0501909628,-76.1751689586,2010-08-24T00:00:00Z,543-545 Richmond Ave,13204
43.0501909628,-76.1751689586,2010-08-20T00:00:00Z,339 North Beech St.,13204
43.0606435186,-76.15766189,2010-08-13T00:00:00Z,Spencer St. & North Clinton St.,13204
43.0591015152,-76.1564798382,2010-08-12T00:00:00Z,700 North Clinton St.,13204
43.0527270706,-76.1841716428,2010-08-10T00:00:00Z,1841 West Fayette St.,13204
43.0734694225,-76.147387053,2010-08-10T00:00:00Z,2351 Grant Blvd.,13208
43.0706538099,-76.1311590046,2010-08-10T00:00:00Z,123 Woodlawn Ter.,13203
43.0372493161,-76.1473666571,2010-08-09T00:00:00Z,1214 South State St.,13202
43.0434133803,-76.1116759982,2010-08-09T00:00:00Z,214 Scottholm Ter.,13224
43.0692638105,-76.1388580201,2010-08-06T00:00:00Z,Scoville Ave & Wadsworth St.,13203
43.0385149809,-76.0841456918,2010-08-03T00:00:00Z,402 Lockwood Rd.,13214
43.0373482568,-76.1473732768,2010-08-02T00:00:00Z,1210 South State St.,13202
43.0492897339,-76.1276524979,2010-08-01T00:00:00Z,East Washington St. & South Beech St.,13210
43.0482569511,-76.1214486588,2010-07-30T00:00:00Z,200 Columbus Ave.,13210
43.0813100239,-76.1430682951,2010-07-29T00:00:00Z,118 Ardmore Pl.,13208
43.0308281265,-76.1082690724,2010-07-28T00:00:00Z,201 Croyden Rd.,13224
43.0460874903,-76.1499202822,2010-07-27T00:00:00Z,232 East Onondaga St.,13202
43.0764306834,-76.1589067825,2010-07-26T00:00:00Z,3029 Grant Blvd.,13208
43.0460874903,-76.1499202822,2010-07-21T00:00:00Z,232 East Onondaga St.,13202
43.0460874903,-76.1499202822,2010-07-19T00:00:00Z,232 East Onondaga St.,13202
43.0536580657,-76.1967363882,2010-07-19T00:00:00Z,238 Hayden Ave.,13204
43.0367548279,-76.155840069,2010-07-19T00:00:00Z,381 Midland Ave.,13202
43.0672989532,-76.1113053382,2010-07-18T00:00:00Z,152 Foresthill Dr.,13206
43.0533748351,-76.156198028,2010-07-18T00:00:00Z,Wallace St. & Herald Pl.,13202
43.0484162894,-76.1677925996,2010-07-18T00:00:00Z,732 West Erie Blvd.,13204
43.0549997517,-76.1431254843,2010-07-15T00:00:00Z,Catherine St. & James St.,13203
43.0020863629,-76.1297273337,2010-07-12T00:00:00Z,595 East Seneca Tpk.,13205
43.0103559679,-76.1505121954,2010-07-11T00:00:00Z,621 Ballantyne Rd.,13207
,,2010-07-10T00:00:00Z,Alps,
,,2010-07-10T00:00:00Z,Alps,
43.0481483589,-76.1753718599,2010-07-09T00:00:00Z,1000 West Erie Blvd,13204
43.0402058597,-76.1532124782,2010-07-09T00:00:00Z,300 Temple St.,13202
43.0481483589,-76.1753718599,2010-07-08T00:00:00Z,1000 West Erie Blvd,13204
43.0181366217,-76.148575088,2010-07-07T00:00:00Z,Midland Ave & West Corning Ave,13205
43.0481483589,-76.1753718599,2010-07-06T00:00:00Z,1000 West Erie Blvd,13204
43.0397043777,-76.1551990767,2010-07-05T00:00:00Z,King St. &Temple St.,13202
43.0535961532,-76.1276696103,2010-07-01T00:00:00Z,331 North Beech St.,13203
43.039387068,-76.1054969136,2010-06-30T00:00:00Z,219 Bradford Pkwy.,13224
43.0535399016,-76.1350726044,2010-06-30T00:00:00Z,416 Lodi St.,13203
43.0521944303,-76.1762561631,2010-06-30T00:00:00Z,Sackett St & Park Ave,13204
43.091434855,-76.1702599939,2010-06-28T00:00:00Z,431 7th North St,13088
43.0535399016,-76.1350726044,2010-06-23T00:00:00Z,416 Lodi St,13203
43.0146019833,-76.1667405882,2010-06-22T00:00:00Z,313 Lynch Ave,13207
43.0782709397,-76.1366720859,2010-06-21T00:00:00Z,529 Darlington Rd.,13208
43.0523071789,-76.173746553,2010-06-19T00:00:00Z,312 Liberty St.,13204
43.0661508945,-76.155824858,2010-06-18T00:00:00Z,806 North Alvord St,13208
43.0592092745,-76.1804696138,2010-06-17T00:00:00Z,900 East Hiawatha Blvd,13204
43.0496509135,-76.1127175289,2010-06-17T00:00:00Z,137 Croly St.,13224
43.0405293812,-76.1366887051,2010-06-16T00:00:00Z,South Crouse Ave & Waverly Ave,13210
43.0494864229,-76.09372453,2010-06-16T00:00:00Z,600 Foxboro Rd,13224
43.0482977961,-76.1169968063,2010-06-16T00:00:00Z,1903 East Fayette St.,13210
43.035795466,-76.1068570213,2010-06-15T00:00:00Z,409 Scott Ave,13224
43.0285943517,-76.1956155883,2010-06-15T00:00:00Z,Huntington Rd. & Bellevue Ave,13215
43.0592071101,-76.134549405,2010-06-14T00:00:00Z,James St & Oak St.,13203
43.0209204685,-76.1334889014,2010-06-14T00:00:00Z,Alden St & Vincent St.,13210
43.0492852574,-76.1744740297,2010-06-12T00:00:00Z,117 Lakeview Ave,13204
43.0492852574,-76.1744740297,2010-06-12T00:00:00Z,117 Lakeview Ave,13204
43.0599588673,-76.197443541,2010-06-10T00:00:00Z,1318 Willis Ave,13204
43.06939368,-76.1252814004,2010-06-07T00:00:00Z,201 Dorchester Ave,13203
43.0426941425,-76.0995001059,2010-06-06T00:00:00Z,3100 East Genesee St.,13224
43.015614738,-76.1573302811,2010-06-02T00:00:00Z,100 Keen Pl.,13207
43.0687340266,-76.1088155393,2010-06-01T00:00:00Z,Hillsdale Ave & James St.,13206
43.0494512448,-76.1454553093,2010-05-30T00:00:00Z,506 East Washington St.,13202
43.0506821921,-76.1387585038,2010-05-27T00:00:00Z,912 West Erie Blvd,13210
43.0222441635,-76.1136254471,2010-05-27T00:00:00Z,2030 East Colvin St.,13210
43.0535559587,-76.1245445121,2010-05-26T00:00:00Z,Sherwood Ave & Burnet Ave,13203
43.0518331987,-76.0958070733,2010-05-26T00:00:00Z,673 Hazewood Ave,13224
43.0792714577,-76.1603056035,2010-05-20T00:00:00Z,819 East Hiawatha Blvd.,13208
43.0512910071,-76.1038217392,2010-05-20T00:00:00Z,301 Seeley Rd.,13224
43.0546766752,-76.1887354861,2010-05-20T00:00:00Z,106 Herkimer St.,13204
43.0775326148,-76.161493053,2010-05-19T00:00:00Z,East Hiawatha Blvd & Grant Blvd,13208
43.0566924834,-76.1168546303,2010-05-18T00:00:00Z,208 Dillaye Ave,13206
43.0156906481,-76.1244059765,2010-05-18T00:00:00Z,404 Thayer St.,13210
43.0631479381,-76.1602821971,2010-05-14T00:00:00Z,900 North Clinton St.,13204
43.0414472747,-76.1066625349,2010-05-06T00:00:00Z,115 Bradford Pkwy,13224
43.0533227442,-76.1052582902,2010-05-06T00:00:00Z,2406 East Erie Blvd,13224
43.0145971665,-76.1668328976,2010-05-05T00:00:00Z,321-325 Lynch Ave,13207
43.0494005257,-76.1420723649,2010-05-03T00:00:00Z,700 Washington St.,13210
43.0218418024,-76.121533881,2010-05-03T00:00:00Z,1500 East Colvin St.,13210
43.0415161625,-76.1066861618,2010-05-02T00:00:00Z,109 Bradford Pkwy,13224
43.0415161625,-76.1066861618,2010-04-29T00:00:00Z,109 Bradford Pkwy,13224
43.0622428154,-76.0926296575,2010-04-22T00:00:00Z,427 Cloveridge Dr.,13206
43.049485731,-76.1474752547,2010-04-21T00:00:00Z,200 South State St.,13202
43.0470034554,-76.1277181403,2010-04-21T00:00:00Z,South Beech St. & East Genesee St,13210
43.061007053,-76.1609944614,2010-04-21T00:00:00Z,West Kirkpatrick St.,13204
43.0210243004,-76.1497517117,2010-04-20T00:00:00Z,202 Forest Ave,13205
43.0258145446,-76.1390635181,2010-04-19T00:00:00Z,115 Berwyn Ave,13210
43.0520820088,-76.1340565016,2010-04-19T00:00:00Z,660 Burnet Ave,13203
43.061007053,-76.1609944614,2010-04-18T00:00:00Z,West Kirkpatrick St.,13204
43.0404377208,-76.114111832,2010-04-17T00:00:00Z,749 Westmoreland Ave,13210
43.0682411996,-76.1259437177,2010-04-16T00:00:00Z,125-131 Wheaton Rd.,13203
43.0552314819,-76.1521678271,2010-04-14T00:00:00Z,321 North Salina St.,13203
43.0263940795,-76.1707315609,2010-04-13T00:00:00Z,610 Roberts Ave,13207
43.0122008267,-76.1478398717,2010-04-12T00:00:00Z,Midland Ave & Hall Ave,13205
43.0404412264,-76.1321176984,2010-04-10T00:00:00Z,304 Waverly Ave,13210
43.0708664852,-76.1287358856,2010-04-10T00:00:00Z,481 Brattle Rd,13203
43.050770275,-76.093691794,2010-04-09T00:00:00Z,117 Foxboro Rd.,13224
43.0392735322,-76.174789242,2010-04-08T00:00:00Z,215 Grand Ave,13204
43.0391740464,-76.1727181961,2010-04-08T00:00:00Z,600 Delaware St.,13204
43.0391740464,-76.1727181961,2010-04-08T00:00:00Z,600 Delaware St.,13204
43.0190172063,-76.1364698248,2010-04-07T00:00:00Z,102 Stevens Pl.,13210
43.0698460582,-76.0986635185,2010-04-07T00:00:00Z,101 Walters Dr.,13206
43.0190172063,-76.1364698248,2010-04-06T00:00:00Z,102 Stevens Pl.,13210
43.0702062294,-76.1134639653,2010-04-06T00:00:00Z,218 North Ave,13206
43.0477695444,-76.1378291626,2010-04-06T00:00:00Z,312 Irving Ave.,13210
43.0508083898,-76.1397811949,2010-04-05T00:00:00Z,815 East Erie Blvd,13210
43.0233541838,-76.1952657786,2010-04-03T00:00:00Z,208 Alton St.,13215
43.0393131063,-76.1572027549,2010-04-01T00:00:00Z,141 Midland Ave.,13204
43.0119849205,-76.1480592157,2010-03-28T00:00:00Z,120 Rill Ave,13205
43.0239362498,-76.1581423447,2010-03-27T00:00:00Z,255 Rockland Ave,13207
43.0393680338,-76.1573877954,2010-03-25T00:00:00Z,Lincoln Ave. & Midland Ave,13204
43.0613041706,-76.1181450679,2010-03-23T00:00:00Z,Boyden St. (Behind Field),13206
43.0272130944,-76.1600123092,2010-03-22T00:00:00Z,12 Centennial Dr.,13207
43.0036876943,-76.1303741582,2010-03-21T00:00:00Z,914 East Brighton Ave,13205
43.0544189273,-76.1858787857,2010-03-19T00:00:00Z,1937 West Fayette St.,13204
43.0548930509,-76.0907641197,2010-03-18T00:00:00Z,2900 East Erie Blvd,13224
43.002871857,-76.133435534,2010-02-28T00:00:00Z,509 East Seneca Tpk,13205
43.0415810587,-76.1066989509,2010-02-27T00:00:00Z,107 Bradford Pkwy,13224
43.028733177,-76.163348364,2010-02-27T00:00:00Z,Lower Onondaga Park,13207
43.014212913,-76.1243344089,2010-02-26T00:00:00Z,152 Tejah Ave.,13210
43.0759974027,-76.172645864,2010-02-26T00:00:00Z,2250 Park St.,13208
43.0392735322,-76.174789242,2010-02-25T00:00:00Z,215 Grand Ave,13204
43.0392735322,-76.174789242,2010-02-25T00:00:00Z,215 Grand Ave,13204
43.0302373385,-76.1904631744,2010-02-25T00:00:00Z,Archer Rd. & Bellevue Ave.,13207
43.0409754762,-76.1721365875,2010-02-23T00:00:00Z,Grand Ave.,13204
43.0424045683,-76.105404279,2010-02-22T00:00:00Z,100 Brookford Rd.,13224
43.0567516049,-76.1548444619,2010-02-21T00:00:00Z,200 Genant Dr.,13204
43.0567516049,-76.1548444619,2010-02-17T00:00:00Z,200 Genant Dr.,13204
43.0541913609,-76.1155593741,2010-02-16T00:00:00Z,Peat St. & Canal St.,13210
43.0267944735,-76.1944327847,2010-02-14T00:00:00Z,105 Hilltop Rd.,13215
43.0198448943,-76.1509660044,2010-02-13T00:00:00Z,Hope Ave. & Brighton Ave.,13205
43.0557239108,-76.1622279332,2010-02-12T00:00:00Z,Maltbie St. & Evans St.,13204
43.050659002,-76.1320129986,2010-02-11T00:00:00Z,Walnut Ave & East Erie Blvd.,13210
43.0679518595,-76.0908144289,2010-02-10T00:00:00Z,120 Boston St.,13206
43.0520820088,-76.1340565016,2010-02-09T00:00:00Z,660 Burnet Ave,13203
43.073057071,-76.1087940909,2010-02-08T00:00:00Z,285 Ashdale Ave.,13206
43.045459183,-76.147507392,2010-02-04T00:00:00Z,Madison St. & South State St.,13202
43.0320527428,-76.1100580206,2010-02-03T00:00:00Z,Sherbourne Rd. & Crawford Ave.,13224
43.0402186033,-76.085517865,2010-02-03T00:00:00Z,522 Hillsboro Pkwy,13214
43.073057071,-76.1087940909,2010-02-03T00:00:00Z,285 Ashdale Ave.,13206
43.0372030774,-76.1008261109,2010-02-02T00:00:00Z,400-402 Brookford Rd.,13224
43.0509763498,-76.1709488299,2010-02-01T00:00:00Z,515 Wilkinson St.,13204
43.0215770051,-76.1615629468,2010-01-31T00:00:00Z,159 Clyde Ave.,13207
43.0321627476,-76.1937629651,2010-01-28T00:00:00Z,Onondaga Creek Blvd,13219
43.0532686752,-76.1040226155,2010-01-27T00:00:00Z,119 Seeley Rd.,13224
43.0592967625,-76.1521583726,2010-01-26T00:00:00Z,North Salina St. & Ash St.,13208
43.0115710709,-76.1498740318,2010-01-26T00:00:00Z,118 Conan St.,13205
43.0551306703,-76.0894304243,2010-01-22T00:00:00Z,2943 East Erie Blvd.,13224
43.0562583817,-76.1319682847,2010-01-22T00:00:00Z,Delhi St.,13203
43.0940118427,-76.1740652611,2010-01-20T00:00:00Z,611 7th North St.,13088
43.0313380705,-76.1447326258,2010-01-18T00:00:00Z,227-237 East Kennedy St.,13205
43.0452465331,-76.158337617,2010-01-18T00:00:00Z,550 South West St,13204
43.0797140046,-76.1495770604,2010-01-17T00:00:00Z,400 Cadillac St.,13208
43.0459463308,-76.1521843914,2010-01-16T00:00:00Z,441 South Salina St.,13202
43.0525567869,-76.1332203282,2010-01-13T00:00:00Z,308 Lodi St.,13203
43.0541566872,-76.1497853063,2010-01-12T00:00:00Z,Hickory St. & North State St.,13203
43.0430841766,-76.1517884589,2010-01-12T00:00:00Z,580 South Salina St.,13202
43.073286545,-76.1546407439,2010-01-11T00:00:00Z,300 2nd North St.,13208
43.0513788992,-76.179472536,2010-01-11T00:00:00Z,308 Lakeview Ave.,13204
43.0263779218,-76.1396674087,2010-01-11T00:00:00Z,428 East Colvin St.,13210
43.0744601629,-76.1100299725,2010-01-07T00:00:00Z,339 Norwood Ave,13206
43.0542906314,-76.1445560706,2010-01-05T00:00:00Z,North McBride St. & James St.,13203
43.0586487842,-76.1809796827,2009-12-30T00:00:00Z,935 East Hiawatha Blvd,13204
43.0386301849,-76.2743130697,2009-12-29T00:00:00Z,Kasson Rd. & Partridgeberry Dr.,13031
43.015380372,-76.1450403776,2009-12-28T00:00:00Z,1121 Cannon St,13205
43.0331380328,-76.1277423018,2009-12-27T00:00:00Z,Berkeley Dr & Dorset Rd,13210
43.0156186608,-76.1481355156,2009-12-23T00:00:00Z,West Calthrop Ave & Midland Ave,13205
43.0025013955,-76.1428437779,2009-12-19T00:00:00Z,Roney Rd & South Salina St,13205
43.0553201566,-76.1471384951,2009-12-17T00:00:00Z,511 Hickory St,13203
43.0191417447,-76.1558047576,2009-12-14T00:00:00Z,609 West Brighton Ave,13207
43.0274998187,-76.1828976694,2009-12-14T00:00:00Z,114 Fairdale Ave,13207
43.0570045882,-76.1928622753,2009-12-12T00:00:00Z,1014-1016 Milton Ave,13204
42.9861265537,-76.143619826,2009-12-11T00:00:00Z,South Salina St & Parrish Ln,13205
43.032562306,-76.1842422832,2009-12-06T00:00:00Z,1830 Bellevue Ave,13207
43.0641463894,-76.1948902146,2009-12-06T00:00:00Z,500 Stat Fair Blvd,13204
43.0657980518,-76.1974635949,2009-12-04T00:00:00Z,State Farm Blvd,13204
43.0657919075,-76.1974693328,2009-12-04T00:00:00Z,State Fair Blvd,13204
43.0354324338,-76.16727507,2009-12-03T00:00:00Z,143 Fitch St,13204
43.0119873665,-76.147997491,2009-12-03T00:00:00Z,114 Rill Ave,13205
43.0429971329,-76.158080947,2009-12-02T00:00:00Z,South West St,13204
43.0332156656,-76.1635894429,2009-12-01T00:00:00Z,701 Bellevue Ave,13207
43.0759664259,-76.1640301318,2009-11-29T00:00:00Z,Tex Simone Dr & Alliance Bank Parkway,13208
43.0531936128,-76.1359925742,2009-11-29T00:00:00Z,522 Hawley Ave,13203
43.02383406,-76.1284926427,2009-11-28T00:00:00Z,1301 East Colvin St,13210
43.0811864721,-76.1588098682,2009-11-26T00:00:00Z,6th North St & Hiawatha Blvd,13208
43.0820915782,-76.1505230939,2009-11-23T00:00:00Z,200 Merrill St,13208
43.0661745813,-76.1049585147,2009-11-22T00:00:00Z,208-212 South Miduer Ave,13206
43.0765811123,-76.1622934824,2009-11-16T00:00:00Z,617 East Hiawatha Blvd,13208
43.0673808672,-76.1547953603,2009-11-16T00:00:00Z,511 Kirkpatrick St,13208
43.0237897531,-76.1287289712,2009-11-12T00:00:00Z,1100 Comstock Ave,13210
43.0190663376,-76.1766342543,2009-11-10T00:00:00Z,McDonald Rd & Reinman Rd,13207
43.0475144001,-76.1000610902,2009-11-09T00:00:00Z,Milnor Ave & Ball Ave,13224
43.0495972279,-76.1891300972,2009-11-03T00:00:00Z,513 Hamilton St,13204
43.0393835594,-76.0935631068,2009-10-23T00:00:00Z,Kimber Rd. & Euclid Ave,13214
43.0515397136,-76.1869199512,2009-10-23T00:00:00Z,117 Cayuga St,13204
43.0378196801,-76.1771704337,2009-10-23T00:00:00Z,Herriman St & Fitch St,13204
42.9870721977,-76.1439430436,2009-10-09T00:00:00Z,Spawlding Ave & South Salina St,13205
43.0067758626,-76.1472953819,2009-10-06T00:00:00Z,3419 Midland Ave,13205
43.03985304,-76.1188079811,2009-10-05T00:00:00Z,113 Concord Pl.,13210
43.0415594276,-76.1419580701,2009-10-05T00:00:00Z,117 Monroe St,13210
43.0259968163,-76.1193737837,2009-10-03T00:00:00Z,Kensington Pl & Meadowbrook Dr,13210
43.0389169278,-76.1773210448,2009-10-01T00:00:00Z,100 Herriman St,13204
43.0112046725,-76.1280165823,2009-09-26T00:00:00Z,294 Ainsley Dr,13210
43.0393779436,-76.1316031232,2009-09-13T00:00:00Z,University Pl. & College Pl,13210
43.0111711958,-76.1301315841,2009-09-11T00:00:00Z,230 Ainsley Dr,13210
43.0247167287,-76.1218240223,2009-09-11T00:00:00Z,Lancaster Ave & Meadowbrook Dr,13210
43.0335082328,-76.1229418424,2009-09-07T00:00:00Z,928-930 Lancaster Ave,13210
43.0714613963,-76.1655394422,2009-09-05T00:00:00Z,Park St & Exchange St,13208
43.0392582646,-76.1678262073,2009-09-04T00:00:00Z,121 Davis St,13204
43.0751342728,-76.1100824048,2009-09-04T00:00:00Z,367 Norwood Ave,13206
43.0393820419,-76.1675446726,2009-08-24T00:00:00Z,108 Davis St,13204
43.03985304,-76.1188079811,2009-08-23T00:00:00Z,113 Concord Pl.,13210
43.0468896766,-76.1103524475,2009-08-20T00:00:00Z,245 Fenway Dr,13224
43.0465185779,-76.1754091398,2009-08-19T00:00:00Z,106 Magnolia St,13204
43.0591619527,-76.1421616036,2009-08-19T00:00:00Z,207 Douglas St,13203
43.0531477086,-76.1331128737,2009-08-17T00:00:00Z,Manilla St & Oak St,13203
43.0368091848,-76.0999536763,2009-08-04T00:00:00Z,418 Brookford Rd,13224
43.0355927927,-76.1137715565,2009-07-28T00:00:00Z,967 Westmoreland Ave.,13210
43.0268026381,-76.1136202906,2009-07-28T00:00:00Z,1418 Westmoreland Ave.,13210
43.0519590994,-76.1706234452,2009-07-23T00:00:00Z,Park St. & North Geddes St.,13204
43.0353944389,-76.178343879,2009-07-22T00:00:00Z,317 Lydell St.,13204
43.0334926218,-76.1874228761,2009-07-22T00:00:00Z,Velasko Rd. & Onondaga Blvd.,13219
43.0509520867,-76.0963560386,2009-07-21T00:00:00Z,443 Mountainview Ave.,13224
43.0502473979,-76.1320297248,2009-07-20T00:00:00Z,East Water St. & Walnut Ave.,13210
43.0611881426,-76.1701878568,2009-07-14T00:00:00Z,Bear St. & VanRenssalear St.,13204
43.0377783356,-76.1772426696,2009-07-13T00:00:00Z,200 Herriman St.,13204
43.0154952492,-76.1278460105,2009-07-11T00:00:00Z,Thayer St. & Jamesville Ave.,13210
42.9919882552,-76.1374873774,2009-07-09T00:00:00Z,110 Windemere Rd.,13205
43.0483279348,-76.1194719288,2009-07-09T00:00:00Z,1815 East Fayette St.,13210
43.0462729526,-76.1733081272,2009-07-08T00:00:00Z,1153 West Fayette St.,13204
43.0493075905,-76.1215516506,2009-07-08T00:00:00Z,East Erie Blvd & Columbus Ave.,13210
43.0715828897,-76.2064631411,2009-07-07T00:00:00Z,State Fair Blvd.,13204
43.0493075905,-76.1215516506,2009-06-29T00:00:00Z,East Erie Blvd & Columbus Ave.,13210
43.0532374238,-76.1254725813,2009-06-19T00:00:00Z,1002 Burnet Ave.,13203
43.0385448503,-76.0856390343,2009-06-19T00:00:00Z,Lockwood Rd. & Edgemont Dr.,13214
43.0354324338,-76.16727507,2009-06-05T00:00:00Z,401 Smith St.,13224
43.0475144001,-76.1000610902,2009-05-28T00:00:00Z,Milnor Ave & Ball Ave,13224
43.0353771804,-76.1369190822,2009-05-27T00:00:00Z,Forestry Dr.,13210
43.0629912784,-76.0915325524,2009-05-26T00:00:00Z,Burns Ave & Caleb Ave.,13206
43.0611881426,-76.1701878568,2009-05-24T00:00:00Z,West Beard St. & VanRenssalear St.,13204
43.0395863667,-76.1056607056,2009-05-15T00:00:00Z,207 Bradford Pkwy,13224
43.0344436394,-76.0931514325,2009-05-14T00:00:00Z,450 Kimber Rd.,13214
43.0645713867,-76.1234707827,2009-05-13T00:00:00Z,1658 James St.,13203
43.0378196801,-76.1771704337,2009-05-12T00:00:00Z,Herriman St. & Fitch St.,13204
43.0332666177,-76.1624303295,2009-05-12T00:00:00Z,601 Bellevue Ave.,13207
43.0353944389,-76.178343879,2009-05-11T00:00:00Z,317 Lydell St.,13204
43.0387049249,-76.1771566044,2009-05-10T00:00:00Z,121 Herriman St.,13204
43.0450780956,-76.1197144037,2009-05-08T00:00:00Z,328 Westcott St.,13210
43.038742887,-76.1773090365,2009-05-06T00:00:00Z,116 Herriman Ave.,13204
43.038742887,-76.1773090365,2009-05-06T00:00:00Z,116 Herriman Ave.,13204
43.0552500472,-76.1889854111,2009-05-06T00:00:00Z,Harbor St. & Emerson Ave,13204
43.0481935125,-76.1126605865,2009-05-04T00:00:00Z,East Fayette St. & Croly St.,13224
43.0552500472,-76.1889854111,2009-05-02T00:00:00Z,Harbor St. & Emerson Ave,13204
43.0778081379,-76.1394596341,2009-04-30T00:00:00Z,Wadsworth St. & Huntley St.,13208
43.0469469831,-76.1339586427,2009-04-29T00:00:00Z,1115 East Genesee St.,13210
43.0550170155,-76.1862979988,2009-04-27T00:00:00Z,1970 West Fayette St.,13204
43.0544117064,-76.1867359862,2009-04-27T00:00:00Z,West Fayette St. & St. Marks Ave,13204
43.0389537232,-76.1772486768,2009-04-17T00:00:00Z,Herriman St. & Grand Ave.,13204
43.0578364698,-76.1910106041,2009-04-16T00:00:00Z,825 Emerson Ave.,13204
43.0389537232,-76.1772486768,2009-04-16T00:00:00Z,Herriman St. & Grand Ave.,13204
43.0378196801,-76.1771704337,2009-04-16T00:00:00Z,Herriman St. & Fitch  St.,13204
43.0273704253,-76.1583853854,2009-04-15T00:00:00Z,1100 South Ave.,13207
43.0320527428,-76.1100580206,2009-04-13T00:00:00Z,Sherbourne Rd. & Crawford Ave.,13224
43.0320527428,-76.1100580206,2009-04-09T00:00:00Z,Sherbourne Rd. & Crawford Ave.,13224
43.0273704253,-76.1583853854,2009-04-06T00:00:00Z,1100 South Ave.,13207
43.0389432215,-76.1078376473,2009-04-02T00:00:00Z,304 Scott Ave.,13224
43.036473886,-76.1020679633,2009-04-01T00:00:00Z,401 Bradford Pkwy,13224
43.0607169149,-76.1576328133,2009-03-31T00:00:00Z,800 North Clinton St.,13204
43.0787558264,-76.1606161708,2009-03-26T00:00:00Z,Hiawatha Blvd. & 4th North St.,13208
43.0364592279,-76.1784893843,2009-03-26T00:00:00Z,Hartson St. & Lydell St.,13204
43.0273704253,-76.1583853854,2009-03-18T00:00:00Z,1100 South Ave.,13207
42.9853670796,-76.1436621146,2009-03-15T00:00:00Z,South Salina & Dorwin Ave.,13205
42.9853670796,-76.1436621146,2009-03-15T00:00:00Z,South Salina & Dorwin Ave.,13205
43.0652045582,-76.1300623095,2009-03-12T00:00:00Z,115 Wendell Ter.,13203
42.9962112585,-76.1371434089,2009-03-06T00:00:00Z,118 Thurlow Dr.,13205
42.9969443437,-76.1378949571,2009-03-05T00:00:00Z,176 Sunrise Dr.,13205
43.0306943671,-76.1082281323,2009-03-03T00:00:00Z,211 Croyden Rd.,13224
43.0305509302,-76.1117357445,2009-02-28T00:00:00Z,210 Nottingham Rd.,13224
43.0501543809,-76.1296703256,2009-02-24T00:00:00Z,1300 East Water St.,13210
43.0357781409,-76.1393048168,2009-02-23T00:00:00Z,800 East Raynor Ave.,13210
43.0630252083,-76.1602164243,2009-02-22T00:00:00Z,North Clinton St. & West Court St.,13204
43.0552500472,-76.1889854111,2009-02-22T00:00:00Z,Emerson Ave & Harbor St.,13204
43.0552500472,-76.1889854111,2009-02-20T00:00:00Z,Emerson Ave & Harbor St.,13204
43.0630252083,-76.1602164243,2009-02-20T00:00:00Z,North Clinton St. & West Court St.,13204
43.0476582524,-76.1399438941,2009-02-18T00:00:00Z,Wellington Pl. & Forman Ave.,13210
43.050210055,-76.1297320354,2009-02-17T00:00:00Z,East Water St. & Pine St.,13210
43.0029413245,-76.1297951237,2009-02-17T00:00:00Z,985 East Brighton Ave.,13205
43.0570738732,-76.111374341,2009-02-15T00:00:00Z,1811-1817 Burnet Ave.,13206
43.0486376121,-76.152545814,2009-02-15T00:00:00Z,123 West Fayette St.,13202
43.0036509139,-76.1303505039,2009-02-12T00:00:00Z,916 East Brighton Ave.,13205
43.0503491638,-76.1150380829,2009-02-11T00:00:00Z,200 Westmoreland Ave.,13224
43.0576221294,-76.190742181,2009-02-10T00:00:00Z,821 Emerson Ave,13204
43.0757839286,-76.1467108589,2009-02-09T00:00:00Z,248 Hood Dr.,13208
43.0466931073,-76.1474136702,2009-02-08T00:00:00Z,555 South State St.,13202
43.0364461769,-76.1798718033,2009-02-07T00:00:00Z,412 Hartson St.,13204
43.0505451373,-76.153542558,2009-02-03T00:00:00Z,South Clinton St. & West Water St.,13202
43.0365920149,-76.0988759845,2009-02-02T00:00:00Z,438 Brookford Rd.,13224
43.0238634883,-76.1793811038,2009-02-02T00:00:00Z,1155 Glenwood Ave,13207
43.0822195078,-76.150836894,2009-02-02T00:00:00Z,219-223 Merrill St.,13208
43.0483292579,-76.1195802712,2009-02-01T00:00:00Z,1811 East Fayette St.,13210
43.0573793219,-76.1489813385,2009-01-31T00:00:00Z,East Laurel St. & North Townsend St.,13203
43.0503278372,-76.1777924449,2009-01-30T00:00:00Z,207 Lakeview Ave.,13204
43.0502871475,-76.1775923165,2009-01-29T00:00:00Z,Lakeview Ave & Richmond Ave.,13204
43.0712768753,-76.1324408076,2009-01-29T00:00:00Z,634 Mertens Ave.,13203
43.0276762838,-76.1401384882,2009-01-28T00:00:00Z,East Of Rt. 81,13210
43.0385755184,-76.1087344629,2009-01-27T00:00:00Z,1221 Meadowbrook Dr.,13224
43.0486377264,-76.152597225,2009-01-27T00:00:00Z,127-129 West Fayette St.,13202
43.0427079803,-76.0921021845,2009-01-26T00:00:00Z,East Genesee St. & Albert Rd.,13214
43.0547080834,-76.1885442755,2009-01-26T00:00:00Z,700 Emerson Ave.,13204
43.0691088775,-76.1557625056,2009-01-25T00:00:00Z,806 Carbon St.,13208
43.0475143001,-76.0890139954,2009-01-22T00:00:00Z,Carton Dr. & Salt Springs Rd.,13214
43.06301387,-76.1109331047,2009-01-22T00:00:00Z,336 Forest Hill Dr.,13206
43.0596552578,-76.1198959929,2009-01-22T00:00:00Z,706 Hixson Ave.,13206
43.0213546013,-76.1319521513,2009-01-21T00:00:00Z,Lorraine Ave. & Vincent St.,13210
43.0271729489,-76.1987942902,2009-01-20T00:00:00Z,212 Highridge Dr.,13215
43.0364702281,-76.1102450227,2009-01-20T00:00:00Z,Meadowbrook Dr. & Euclid Ave.,13224
43.0481483589,-76.1753718599,2009-01-20T00:00:00Z,1000 West Erie Blvd,13204
43.0609300075,-76.1005732992,2009-01-19T00:00:00Z,Mosley Dr. & Caleb Ave.,13206
43.048116976,-76.1759011761,2009-01-19T00:00:00Z,1025 West  Erie Blvd,13204
43.0404279538,-76.0860396388,2009-01-19T00:00:00Z,504 Hillsboro Pkwy.,13214
43.054474407,-76.0968315063,2009-01-15T00:00:00Z,West Erie Blvd.,13224
43.0344749597,-76.1569659584,2009-01-14T00:00:00Z,Lincoln Ave. & Clover St.,13204
43.0465716768,-76.1125828392,2009-01-13T00:00:00Z,248 Croly St.,13224
43.0699210799,-76.1652820782,2009-01-10T00:00:00Z,201 Wolf St.,13208
43.0038064051,-76.1302822986,2009-01-07T00:00:00Z,911 East Brighton Ave.,13205
43.0439591554,-76.1742574899,2009-01-06T00:00:00Z,227 Magnolia St.,13204
43.0439591554,-76.1742574899,2009-01-05T00:00:00Z,227 Magnolia St.,13204
43.0279101892,-76.190196105,2009-01-02T00:00:00Z,1900 Glenwood Ave.,13215
42.9870086479,-76.1473060698,2009-01-01T00:00:00Z,190 Spaulding Ave.,13205
43.0443140854,-76.1818452834,2009-01-01T00:00:00Z,254 Coleridge Ave.,13204
43.0519595916,-76.1723290813,2008-12-30T00:00:00Z,725 Park Ave.,13204
43.021499681,-76.1284354625,2008-12-26T00:00:00Z,Comstock Av. & Vincent St.,13210
43.0412543497,-76.1510135426,2008-12-26T00:00:00Z,650 South Salina St.,13202
43.0415965553,-76.171728618,2008-12-26T00:00:00Z,631 S Geddes St,13204
43.028630189,-76.1955428936,2008-12-24T00:00:00Z,100 Huntington Ave,13215
42.9943358881,-76.1377807906,2008-12-23T00:00:00Z,300 Sunrise Dr.,13205
43.0012483719,-76.1370993673,2008-12-23T00:00:00Z,East Seneca Tpke & Maywood Ave.,13205
43.019812629,-76.1692764366,2008-12-23T00:00:00Z,608 Glenwood Av.,13207
43.0495332559,-76.1511747024,2008-12-22T00:00:00Z,150 East Washington St,13202
43.044316536,-76.1475210897,2008-12-20T00:00:00Z,Harrison St. & State St.,13202
43.0213143401,-76.1328757351,2008-12-19T00:00:00Z,Vincent St. & Jamesville Av,13210
43.0557239108,-76.1622279332,2008-12-18T00:00:00Z,Evans St & Maltbie,13204
43.0527220481,-76.0940727437,2008-12-18T00:00:00Z,Lime St. & Northway St,13224
43.0584578105,-76.1812347264,2008-12-13T00:00:00Z,959  West Hiawatha Blvd,13204
43.035718014,-76.1616034742,2008-12-13T00:00:00Z,200 Rich St,13204
43.0548061397,-76.0918754933,2008-12-12T00:00:00Z,2870 Erie Blvd,13224
43.054474407,-76.0968315063,2008-12-11T00:00:00Z,East Erie Blvd,13224
43.0340481193,-76.1704797886,2008-12-11T00:00:00Z,1119 West Onondaga St,13204
43.0113314324,-76.1477659418,2008-12-10T00:00:00Z,Belle Ave & Midland Ave,13205
43.0715519743,-76.1287862211,2008-12-10T00:00:00Z,501 Bradley Pkwy,13203
43.0637414839,-76.0928998165,2008-12-09T00:00:00Z,348 Cloveridge Dr,13206
43.0453592931,-76.1596230243,2008-12-08T00:00:00Z,303 Tully St,13204
43.0348896227,-76.1212212159,2008-12-06T00:00:00Z,119-135 Westminster Ave,13210
43.0501604941,-76.1689450338,2008-12-06T00:00:00Z,222 Richmond Ave,13204
43.0298533662,-76.1437155726,2008-12-05T00:00:00Z,215 Woodland Ave,13205
43.0610095161,-76.1568493531,2008-12-04T00:00:00Z,128 Spencer St,13204
43.0374537368,-76.1435525647,2008-12-04T00:00:00Z,306 Van Buren St,13202
43.0301697027,-76.1903797257,2008-12-03T00:00:00Z,101 Archer Ave,13207
43.0606435186,-76.15766189,2008-12-03T00:00:00Z,North Clinton St & Spencer St,13204
43.0286929594,-76.1934857573,2008-12-03T00:00:00Z,114 Winkworth Pkwy,13215
43.0299181722,-76.164341484,2008-12-03T00:00:00Z,Cheney St & Onondaga Ave,13207
43.0275904215,-76.1419863738,2008-12-02T00:00:00Z,Garfield Ave & Garfield Pl,13205
43.048962824,-76.1661749777,2008-12-02T00:00:00Z,100 Van Rensselear St,13204
43.061007053,-76.1609944614,2008-11-30T00:00:00Z,300 West Kirkpatrick St,13204
43.0485970688,-76.14926185,2008-11-30T00:00:00Z,300 East Fayette St,13202
43.0486230596,-76.1474907355,2008-11-30T00:00:00Z,300 South State St,13202
43.0353522202,-76.1784908741,2008-11-28T00:00:00Z,318 Lydell St,13204
43.0532675532,-76.1415272498,2008-11-26T00:00:00Z,316 Hawley Ave,13203
43.0505169357,-76.1536172837,2008-11-21T00:00:00Z,100 South Clinton St,13202
43.0536945077,-76.1849588506,2008-11-19T00:00:00Z,1900 West Fayette St,13204
43.0366891791,-76.1617914756,2008-11-12T00:00:00Z,Rich St & White St,13204
43.0526966266,-76.179431448,2008-11-10T00:00:00Z,1312 West Genesee St,13204
43.0533356126,-76.1276497202,2008-11-03T00:00:00Z,321 North Beech St.,13203
43.0522575543,-76.1850960437,2008-10-30T00:00:00Z,West Genesee St. & North Lowell Ave.,13204
43.0540415397,-76.0990592333,2008-10-30T00:00:00Z,2646-2700 East Erie Blvd,13224
43.0602488919,-76.1537788907,2008-10-27T00:00:00Z,East Division St. & Lock Aly.,13208
43.0505564834,-76.1555075846,2008-10-27T00:00:00Z,West Water St. & Franklin St.,13202
43.0480378738,-76.1569352523,2008-10-23T00:00:00Z,531 Walton St.,13202
43.0173316928,-76.159302844,2008-10-21T00:00:00Z,162 Bertram Pl.,13207
43.0568681623,-76.1501863488,2008-10-19T00:00:00Z,East Laurel St. & Prospect Ave,13203
42.9882246297,-76.1399570905,2008-10-18T00:00:00Z,Maplewood Ave & Coldbrook Dr.,13205
43.056131235,-76.1896031186,2008-10-18T00:00:00Z,Emerson Ave & Lewis St.,13204
43.0610369278,-76.1779045062,2008-10-12T00:00:00Z,835 Hiawatha Blvd,13204
43.0016684292,-76.1428602776,2008-10-10T00:00:00Z,4710 South Salina St.,13205
43.0366223396,-76.1435738405,2008-10-08T00:00:00Z,1427-1429 South McBride St.,13202
43.0425392409,-76.1006309454,2008-10-08T00:00:00Z,3012 East Geneses St.,13224
43.0536706231,-76.0933387544,2008-10-07T00:00:00Z,123 Polk St.,13224
43.0422280274,-76.1575456355,2008-10-05T00:00:00Z,807 South West St.,13202
43.0630571604,-76.1109370644,2008-10-05T00:00:00Z,334 Forest Hill Dr.,13206
43.0686774947,-76.1100546525,2008-10-01T00:00:00Z,James St. & Woodbine Ave.,13206
43.0792714577,-76.1603056035,2008-10-01T00:00:00Z,819 East Hiawatha Blvd.,13208
43.0481376258,-76.173311099,2008-09-26T00:00:00Z,912 West Erie Blvd.,13204
43.0686774947,-76.1100546525,2008-09-25T00:00:00Z,James St. Woodbine Ave.,13206
43.0465181961,-76.148748742,2008-09-25T00:00:00Z,411 Montgomery St.,13202
43.0088486098,-76.1425429195,2008-09-24T00:00:00Z,Dawes Ave & South Salina St.,13205
43.0470420099,-76.1493388829,2008-09-24T00:00:00Z,Montgomery St. & Jefferson St.,13202
43.0519502066,-76.1550547231,2008-09-22T00:00:00Z,West Genesee St. & Franklin St.,13202
43.0599359337,-76.1966940154,2008-09-21T00:00:00Z,Emerson Ave & West Erie Blvd.,13204
43.0781155464,-76.1669524288,2008-09-20T00:00:00Z,Stadium,13208
43.0580262635,-76.1913598246,2008-09-16T00:00:00Z,829 Emerson Ave,13204
43.0591198857,-76.197749444,2008-09-11T00:00:00Z,Milton Ave & West End Dr.,13204
43.0633173739,-76.1489448477,2008-09-09T00:00:00Z,658 East Division St.,13208
43.0611881426,-76.1701878568,2008-09-04T00:00:00Z,VanRensselear & West Bear St.,13204
43.0424375977,-76.1740444116,2008-09-03T00:00:00Z,Fowler High School,13204
43.0484140378,-76.1092870053,2008-09-02T00:00:00Z,2507 East Fayette Sat.,13224
43.0669539386,-76.1572509086,2008-08-28T00:00:00Z,519 Danforth St.,13208
43.0669539386,-76.1572509086,2008-08-21T00:00:00Z,519 Danforth St.,13208
43.0669098789,-76.1572836162,2008-08-17T00:00:00Z,515/519 Danforth St.,13208
43.053861118,-76.1477727619,2008-08-12T00:00:00Z,East Willow St. & Prospect Ave.,13203
43.0434435762,-76.1115184752,2008-08-10T00:00:00Z,217 Scottholm Ter.,13224
43.0456332129,-76.1924148852,2008-08-09T00:00:00Z,206 Myrtle St.,13204
43.0658882808,-76.1613886092,2008-08-05T00:00:00Z,304 Sunset Ave.,13204
43.0749899702,-76.1352698295,2008-08-04T00:00:00Z,209 Kenwick Dr.,13208
43.0591841316,-76.1575523186,2008-08-02T00:00:00Z,232 West Division st.,13204
43.0029898393,-76.1532779925,2008-07-30T00:00:00Z,1524 Valley Dr.,13207
43.0565979784,-76.1575401265,2008-07-24T00:00:00Z,Solar & Plum St.,13204
43.0206148589,-76.1513457688,2008-07-22T00:00:00Z,300 Hope Ave,13205
43.0500878228,-76.1954763654,2008-07-22T00:00:00Z,640 Myrtle St.,13204
43.0193540955,-76.125886338,2008-07-16T00:00:00Z,606 Thurber St.,13210
43.0493442225,-76.0943645513,2008-07-09T00:00:00Z,513 Fayette Blvd.,13224
43.0542487318,-76.1898519406,2008-07-03T00:00:00Z,204 Herkimer St.,13204
43.0475243602,-76.1009757017,2008-07-01T00:00:00Z,175 Milnor St.,13224
43.0536876789,-76.1021477779,2008-07-01T00:00:00Z,2564 East Erie Blvd.,13224
43.0662564948,-76.1619791171,2008-06-27T00:00:00Z,115 Turtle St.,13204
43.0402660923,-76.0856257113,2008-06-26T00:00:00Z,518 Hillsboro Pkwy,13214
43.0494005257,-76.1420723649,2008-06-23T00:00:00Z,700 East Washington St.,13210
43.0702904122,-76.1261889972,2008-06-20T00:00:00Z,250 Wheaton Rd.,13203
43.0532290137,-76.1384412934,2008-06-16T00:00:00Z,422 Hawley Ave.,13203
43.0533281063,-76.1052101521,2008-06-16T00:00:00Z,2410 East Erie Blvd,13224
42.9889661547,-76.1366012903,2008-06-14T00:00:00Z,305 Maplewood Ave,13205
43.0205680499,-76.1655890215,2008-06-12T00:00:00Z,718 Summit Ave,13207
43.016944244,-76.1256329752,2008-06-11T00:00:00Z,312 Arnold Ave,13210
43.0416078665,-76.1439961011,2008-06-10T00:00:00Z,South McBride St. & Monroe St.,13202
43.0372030774,-76.1008261109,2008-06-03T00:00:00Z,400 Brookford Pl,13224
43.031272846,-76.1610842994,2008-06-03T00:00:00Z,425 Rich St,13207
43.0268232567,-76.1996875543,2008-06-02T00:00:00Z,Highridge Pl & Highridge Dr,13215
43.031272846,-76.1610842994,2008-05-30T00:00:00Z,425 Rich St,13207
43.0468557058,-76.1759289508,2008-05-27T00:00:00Z,1225 West Fayette St,13204
43.0361513872,-76.1126494209,2008-05-23T00:00:00Z,543 Cumberland Ave,13210
43.0361513872,-76.1126494209,2008-05-23T00:00:00Z,543 Cumberland Ave,13210
43.0382192306,-76.0934440673,2008-05-20T00:00:00Z,Lockwood Rd & Kimber Rd,13214
43.05033489,-76.1768031047,2008-05-20T00:00:00Z,634 Richmond Ave,13204
43.0830899981,-76.1491177642,2008-05-14T00:00:00Z,1559 LeMoyne Ave,13208
43.0569080116,-76.1659633655,2008-05-09T00:00:00Z,500 Spencer St,13204
43.0511975238,-76.1038142545,2008-05-08T00:00:00Z,313 Seeley Rd,13224
43.0561672998,-76.1479994696,2008-05-06T00:00:00Z,200 Union Ave,13203
43.0503579404,-76.1129315122,2008-05-05T00:00:00Z,104 Croly St,13224
43.0627765805,-76.1034553762,2008-05-02T00:00:00Z,356 Nicholas Ave,13206
43.0561672998,-76.1479994696,2008-04-30T00:00:00Z,200 Union Ave,13203
43.0577045576,-76.1519338209,2008-04-25T00:00:00Z,206 Butternut St,13203
43.048149505,-76.1136806662,2008-04-23T00:00:00Z,2100 East Fayette St,13224
43.030013641,-76.1622548768,2008-04-22T00:00:00Z,Palmer Ave & Cheney St,13207
43.0467246147,-76.1755723015,2008-04-18T00:00:00Z,1205 West Fayette St,13204
43.0168866272,-76.128916081,2008-04-18T00:00:00Z,1003 Jamesville Ave,13210
43.0561672998,-76.1479994696,2008-04-15T00:00:00Z,200 Union Ave,13203
43.0542671226,-76.121936451,2008-04-14T00:00:00Z,Burnet Ave & Teall Ave,13206
43.0171998566,-76.1262422186,2008-04-11T00:00:00Z,245 Holmes St,13210
43.0486174015,-76.1507613239,2008-04-10T00:00:00Z,200 East Fayette St,13202
43.0210273413,-76.154536021,2008-04-09T00:00:00Z,74-80 Elmhurst Ave,13207
43.0171963425,-76.12631128,2008-04-08T00:00:00Z,239 Holmes Ave,13210
43.0486728835,-76.1508045013,2008-04-07T00:00:00Z,East Fayette St & South Warren St,13202
43.0474466263,-76.1418803498,2008-04-04T00:00:00Z,711 East Genesee St,13210
43.0333725001,-76.161237086,2008-04-01T00:00:00Z,Rich St & Bellevue Ave,13207
43.0181263374,-76.1587554391,2008-04-01T00:00:00Z,927-931 West LaFayette Ave,13207
43.0172662008,-76.1582923614,2008-03-31T00:00:00Z,133 Bertram Pl,13207
43.0311382419,-76.1094430943,2008-03-30T00:00:00Z,1335 Broad St,13224
43.0457273743,-76.1760327988,2008-03-25T00:00:00Z,154 Nelson St,13204
43.0694695934,-76.1330479116,2008-03-24T00:00:00Z,Sedgewick Dr & Scoville Ave,13203
43.0247346816,-76.1448284271,2008-03-22T00:00:00Z,2315 South Salina St,13205
43.0471462788,-76.1168254504,2008-03-18T00:00:00Z,406 Lexington Ave,13210
43.0535963973,-76.1459787688,2008-03-17T00:00:00Z,James St & Townsend St,13203
43.0672423285,-76.1550772158,2008-03-17T00:00:00Z,1311 Park St,13208
43.055185504,-76.13311233,2008-03-15T00:00:00Z,710 Hawley Ave.,13203
43.0606435186,-76.15766189,2008-03-14T00:00:00Z,North Clinton St & Spencer St,13204
43.0447689929,-76.0875086577,2008-03-09T00:00:00Z,104 Beaumont Pl,13214
43.0210195116,-76.1548016842,2008-03-08T00:00:00Z,84 Elmhurst Ave,13207
43.0024791878,-76.1401834957,2008-03-05T00:00:00Z,306/312 Seneca Dr,13205
43.0536706231,-76.0933387544,2008-03-04T00:00:00Z,123 Polk St,13224
43.038573892,-76.0842155559,2008-03-03T00:00:00Z,Hillsboro Pkwy & Lockwood Rd.,13214
43.0765811123,-76.1622934824,2008-03-03T00:00:00Z,617 East Hiawatha Blvd,13208
43.0765811123,-76.1622934824,2008-03-01T00:00:00Z,617 East Hiawatha Blvd,13208
43.0510931269,-76.1342978716,2008-02-28T00:00:00Z,University Ave,13210
43.0743157105,-76.1100187361,2008-02-22T00:00:00Z,333 Norwood Ave,13206
43.0420408886,-76.106729775,2008-02-20T00:00:00Z,105/107 Bradford Pkwy,13224
43.0164385969,-76.13454397,2008-02-17T00:00:00Z,602/700 Ivy Ring Rd,13210
43.0452209313,-76.1342907399,2008-02-16T00:00:00Z,509 University Ave,13210
43.0757582955,-76.1057960815,2008-02-15T00:00:00Z,375 North Midler Ave,13206
43.0787558264,-76.1606161708,2008-02-14T00:00:00Z,4th North St & Hiawatha Blvd,13208
43.0670134924,-76.1112802803,2008-02-13T00:00:00Z,164-170 Forest Hill Dr,13206
,,2008-02-09T00:00:00Z,Morningside Reservoir,
43.0747972174,-76.1100561885,2008-02-08T00:00:00Z,353 Norwood Ave,13206
43.0599470378,-76.1543204599,2008-02-06T00:00:00Z,East Division St,13208
43.0525963825,-76.1302041094,2008-02-05T00:00:00Z,315 Elm St,13203
43.0274881742,-76.3450593447,2008-02-02T00:00:00Z,Daniluck Dr. & Satinwood Dr. Camillus NY,13031
43.0508351401,-76.1474414805,2008-01-31T00:00:00Z,South State St,13202
43.043301748,-76.1727895927,2008-01-28T00:00:00Z,316-518 Geddes St. S. & Seymour St.,13204
43.0524702747,-76.1301951393,2008-01-27T00:00:00Z,311 Elm St,13203
43.0016684292,-76.1428602776,2008-01-26T00:00:00Z,4710 South Salina St,13205
43.0236864201,-76.1203848167,2008-01-24T00:00:00Z,527 Buckingham Ave,13210
43.0644609721,-76.1954749563,2008-01-24T00:00:00Z,500 State Fair Blvd,13204
43.06373369,-76.112378653,2008-01-23T00:00:00Z,300 Stafford Ave,13206
43.055434077,-76.0850502104,2008-01-23T00:00:00Z,3057 East Erie Blvd,13224
43.0492686274,-76.1663082765,2008-01-23T00:00:00Z,500 Tracy St,13204
43.055434077,-76.0850502104,2008-01-23T00:00:00Z,3057 East Erie Blvd,13224
43.0546110738,-76.0942412622,2008-01-22T00:00:00Z,East Erie Blvd & Lime St,13224
43.0291498508,-76.1740237445,2008-01-19T00:00:00Z,308 Gordon Ave,13207
43.0674409363,-76.1490002574,2008-01-14T00:00:00Z,206 Herbert St,13208
43.0308656674,-76.1883035314,2008-01-12T00:00:00Z,115 Austin Ave,13207
43.0418521785,-76.1729771482,2008-01-09T00:00:00Z,Seymour St & Amy St,13204
43.0536343908,-76.1352478332,2008-01-08T00:00:00Z,428 Lodi St,13203
43.0244321353,-76.2026787022,2008-01-07T00:00:00Z,116 Richard Rd,13215
43.0378473953,-76.1636747417,2008-01-07T00:00:00Z,250 Holland St,13204
,,2008-01-04T00:00:00Z,Morningside Reservoir,
43.036837556,-76.1705815786,2008-01-02T00:00:00Z,233  Fitch St,13204
43.03843248,-76.1314550701,2007-12-30T00:00:00Z,129 College Pl.,13210
43.013942035,-76.1706432325,2007-12-23T00:00:00Z,407 Mitchell Ave.,13207
43.0757454817,-76.1071539063,2007-12-23T00:00:00Z,383 N. Edwards Ave.,13206
43.0286023766,-76.1579153712,2007-12-22T00:00:00Z,Crescent Ave. & South Ave.,13205
43.0546015712,-76.090639379,2007-12-21T00:00:00Z,480 Smith St.,13224
43.0205002794,-76.1552439221,2007-12-21T00:00:00Z,Elmhurst Ave. & Hunt Ave.,13207
43.0771373418,-76.1624338056,2007-12-18T00:00:00Z,617 E. Hiawatha Blvd,13208
43.0409663482,-76.1310431433,2007-12-18T00:00:00Z,Waverly Ave. & Walnut Ave.,13210
43.0003768275,-76.1589422339,2007-12-18T00:00:00Z,171 Hopper Road,13207
43.027645344,-76.1836130314,2007-12-15T00:00:00Z,122 Fairdale Ave.,13207
43.0486167731,-76.1801026411,2007-12-14T00:00:00Z,Wilbur Ave & Tompkins St.,13204
43.0306954396,-76.1088179887,2007-12-13T00:00:00Z,1342 Broad St.,13224
43.0597634445,-76.1209919717,2007-12-10T00:00:00Z,200 Sunstruck Dr.,13206
43.0331273528,-76.1881146189,2007-12-08T00:00:00Z,4748 Onondaga Rd.,13219
43.0025121558,-76.1345191516,2007-12-07T00:00:00Z,450 E. Seneca Turnpike,13205
43.013942035,-76.1706432325,2007-12-06T00:00:00Z,407 Mitchell Av.,13207
43.0612329864,-76.1128604848,2007-12-05T00:00:00Z,210 Sunnycrest Rd.,13206
43.0788917807,-76.1415076356,2007-12-05T00:00:00Z,923 Wadsworth St.,13208
43.0455407124,-76.1181273678,2007-12-05T00:00:00Z,Cambridge St. & E. Genesee St.,13210
43.0505451373,-76.153542558,2007-12-04T00:00:00Z,W. Water St. & Clinton St.,13202
43.047045791,-76.1515018989,2007-11-30T00:00:00Z,E. Jefferson St. & Bank Alley,13202
43.0462411545,-76.0871492719,2007-11-28T00:00:00Z,1462 Salt Springs Road,13214
43.0405293812,-76.1366887051,2007-11-28T00:00:00Z,Waverly Ave. & S. Crouse Ave.,13210
43.0543833002,-76.1465502054,2007-11-26T00:00:00Z,600 Willow St.,13203
43.0726821449,-76.1254723617,2007-11-26T00:00:00Z,567 Grant Blvd.,13203
43.0391361754,-76.1311167769,2007-11-22T00:00:00Z,123 College Pl.,13210
43.0838404856,-76.1480978564,2007-11-19T00:00:00Z,Lemoyne Ave & Wadsworth St.,13208
43.0041169464,-76.1571926436,2007-11-19T00:00:00Z,Englewood Ave. & Ames Ave.,13207
43.0576024375,-76.089257026,2007-11-18T00:00:00Z,2937 Erie Blvd East,13224
43.0542906314,-76.1445560706,2007-11-18T00:00:00Z,James St. & McBride St.,13203
43.0569165347,-76.1514266711,2007-11-15T00:00:00Z,610 N. State St.,13203
43.0538847987,-76.1812221419,2007-11-14T00:00:00Z,275 State Fair Blvd,13204
43.0527364136,-76.0940740338,2007-11-13T00:00:00Z,Lime St. & Northway St.,13224
43.0482536455,-76.1125531185,2007-11-09T00:00:00Z,2209 E. Fayette St.,13224
43.0609865946,-76.0926184251,2007-11-07T00:00:00Z,Cloverridge Dr. & Burnet Ave.,13206
43.0527652955,-76.0942943581,2007-11-07T00:00:00Z,775 Northway Ave,13224
43.0137357774,-76.1262787411,2007-11-05T00:00:00Z,Jamesville Ave. & Jean Ave.,13210
43.0551023909,-76.1799618774,2007-11-05T00:00:00Z,312 State Fair Blvd,13204
43.0495370032,-76.1216276645,2007-11-02T00:00:00Z,Erie Blvd & Teall Ave.,13210
43.0495370032,-76.1216276645,2007-10-31T00:00:00Z,Erie Blvd & Teall Ave.,13210
43.0297292483,-76.1451779454,2007-10-24T00:00:00Z,Woodland Ave. & S. State St.,13205
43.0495370032,-76.1216276645,2007-10-23T00:00:00Z,Erie Blvd & Teall Ave.,13210
43.0495370032,-76.1216276645,2007-10-15T00:00:00Z,Erie Blvd & Teall Ave.,13210
43.0500653803,-76.1263508429,2007-10-11T00:00:00Z,1502 Erie Blvd East,13210
43.0811386456,-76.1589289576,2007-10-11T00:00:00Z,935 Hiawatha Blvd East.,13208
43.0495111348,-76.1473999569,2007-10-09T00:00:00Z,Washington St. & S. State St.,13202
43.0510138487,-76.130986198,2007-10-05T00:00:00Z,790 Canal St.,13210
43.0478762887,-76.1945215219,2007-10-04T00:00:00Z,407 Myrtle Ave.,13204
43.0478762887,-76.1945215219,2007-10-03T00:00:00Z,407 Myrtle Ave.,13204
43.0453685897,-76.1056455657,2007-09-27T00:00:00Z,136 East Ave.,13224
43.0544298981,-76.1255479668,2007-09-24T00:00:00Z,350 Vine St.,13203
43.0532748657,-76.125548654,2007-09-21T00:00:00Z,Burnet Ave. & Vine St.,13203
43.0534707463,-76.138052596,2007-09-19T00:00:00Z,415-417 Hawley Ave.,13203
43.0539753503,-76.1308256506,2007-09-18T00:00:00Z,337 Elm St.,13203
43.06649084,-76.1129584553,2007-09-18T00:00:00Z,172 Stafford Ave.,13206
43.0116984066,-76.1591908957,2007-09-17T00:00:00Z,151 Marvin Rd.,13207
43.0540927129,-76.142173116,2007-09-15T00:00:00Z,Wayne St. & Lodi St.,13203
43.0539783499,-76.1809414999,2007-09-14T00:00:00Z,212 State Fair Blvd.,13204
43.0478486719,-76.1515662607,2007-09-14T00:00:00Z,250 Bank Alley,13202
43.0486454236,-76.1541099372,2007-09-13T00:00:00Z,227 W. Fayette St.,13202
43.074481149,-76.1117874863,2007-09-12T00:00:00Z,381 Fobes Ave.,13206
43.0506072814,-76.1096629222,2007-09-10T00:00:00Z,100 Genesee Park Dr.,13224
43.0478486719,-76.1515662607,2007-09-06T00:00:00Z,250 Bank Alley,13202
43.03946573,-76.1360474266,2007-09-05T00:00:00Z,225 University Place,13210
43.0588506202,-76.1988739644,2007-09-02T00:00:00Z,1224 Avery Ave.,13204
43.0576726714,-76.190609328,2007-08-30T00:00:00Z,850 Emerson Ave.,13204
43.0495966293,-76.1521891915,2007-08-29T00:00:00Z,N. Salina St. & Washington St.,13202
43.0178945138,-76.1594744809,2007-08-28T00:00:00Z,943 W. Lafayette Ave.,13207
43.0617414735,-76.1540859921,2007-08-25T00:00:00Z,N Salina St. & Catawba St.,13208
43.0495966293,-76.1521891915,2007-08-24T00:00:00Z,S. Salina St. & Washington St.,13202
43.0247917951,-76.1698436599,2007-08-21T00:00:00Z,622 Roberts Ave.,13207
43.0505352743,-76.1521857297,2007-08-14T00:00:00Z,W. Water St. & S. Salina St.,13202
43.0519719364,-76.1366138169,2007-08-13T00:00:00Z,548 Burnet Ave.,13203
43.049628831,-76.1953218051,2007-08-11T00:00:00Z,Myrtle Ave. & W. Genesee St.,13204
43.051279959,-76.1535256384,2007-08-06T00:00:00Z,W. Genesee St. & N. Clinton St.,13202
43.051279959,-76.1535256384,2007-08-06T00:00:00Z,W. Genesee St. & N. Clinton St.,13202
43.0478578367,-76.1521617405,2007-08-02T00:00:00Z,351 S. Salina St.,13202
43.0512852711,-76.119598935,2007-07-31T00:00:00Z,114 Lynch St.,13210
43.0426362743,-76.1405062856,2007-07-27T00:00:00Z,750 East Adams St.,13210
43.0589259505,-76.1966933873,2007-07-26T00:00:00Z,1204 Willis Ave.,13204
43.0538503255,-76.1297170514,2007-07-24T00:00:00Z,334 Elm St.,13203
43.0577207838,-76.1520468674,2007-07-23T00:00:00Z,Butternut St. & N. Salina St.,13203
43.0344762003,-76.1470854538,2007-07-20T00:00:00Z,S. State St. & Alvord Terrace.,13202
43.051279959,-76.1535256384,2007-07-18T00:00:00Z,W. Genesee St. & Clinton St.,13202
43.0362783508,-76.1297673486,2007-07-17T00:00:00Z,Comstock Ave. & Euclid Ave.,13210
43.0529625967,-76.1545412621,2007-07-16T00:00:00Z,214 N. Franklin St.,13202
43.0020135773,-76.1294090599,2007-07-15T00:00:00Z,E Seneca Turnpike & Brighton Ave.,13205
43.0033859667,-76.156636225,2007-07-09T00:00:00Z,235 Kimber Ave.,13207
43.0714096334,-76.1174596975,2007-07-05T00:00:00Z,223 Village Dr.,13206
43.0610559089,-76.1975797789,2007-07-02T00:00:00Z,101 Kane Ave.,13204
43.0461363232,-76.0869933854,2007-06-28T00:00:00Z,1468 Salt Springs Road,13214
43.0050351075,-76.1426134292,2007-06-28T00:00:00Z,4227 S. Salina St.,13205
43.0609135898,-76.1977725712,2007-06-27T00:00:00Z,1350 Willis Ave.,13204
43.0609135898,-76.1977725712,2007-06-25T00:00:00Z,1324 Willis Ave.,13204
43.0392290811,-76.117622047,2007-06-23T00:00:00Z,137 Clarke St.,13210
43.0694191264,-76.0939964112,2007-06-22T00:00:00Z,James St. & Ridgewood Ave.,13206
43.046821382,-76.1351982267,2007-06-22T00:00:00Z,1060 E. Genesee St.,13210
43.0505352743,-76.1521857297,2007-06-21T00:00:00Z,S. Salina St. & Water St.,13202
43.0364836435,-76.1256637045,2007-06-21T00:00:00Z,Sumner Ave. & Euclid Ave.,13210
43.0622333115,-76.1213155935,2007-06-20T00:00:00Z,107 Mariposa St.,13206
43.0473683004,-76.1384957297,2007-06-20T00:00:00Z,817 E. Genesee St.,13210
43.042730302,-76.1439747966,2007-06-19T00:00:00Z,Adams St. & S. McBride St.,13202
43.0228692636,-76.2001159629,2007-06-18T00:00:00Z,316 Broadview Road,13215
43.0506822525,-76.1679271486,2007-06-15T00:00:00Z,423 Wilkinson St.,13204
43.0483481827,-76.1707053264,2007-06-14T00:00:00Z,110 N. Geddes St.,13204
43.0523600648,-76.1312266775,2007-06-14T00:00:00Z,723 Burnet Ave.,13203
43.0523600648,-76.1312266775,2007-06-13T00:00:00Z,723 Burnet Ave.,13203
43.0362228214,-76.1450803124,2007-06-12T00:00:00Z,351 Oakwood Ave.,13202
43.0391361754,-76.1311167769,2007-06-12T00:00:00Z,108 College Pl.,13210
43.0035398354,-76.1442070608,2007-06-11T00:00:00Z,201 Crippen Ave.,13205
43.003511126,-76.1447885849,2007-06-10T00:00:00Z,219 Crippen Ave.,13205
43.0471124443,-76.1524723212,2007-06-09T00:00:00Z,114 W. Jefferson St.,13202
43.061474926,-76.1134696197,2007-06-07T00:00:00Z,Sunnycrest Road & Hickok Ave.,13206
43.0441352372,-76.1343171348,2007-06-02T00:00:00Z,601 University Ave.,13210
43.0360786079,-76.3152532367,2007-06-01T00:00:00Z,250 W. Genesee St.,13031
43.0230350577,-76.1957206254,2007-06-01T00:00:00Z,107 Alton St.,13215
43.0194232383,-76.1739469226,2007-06-01T00:00:00Z,Glenwood Ave. & S. Geddes St.,13207
43.0695247728,-76.1045144652,2007-05-31T00:00:00Z,117 Rigi Ave.,13206
43.0264714413,-76.1203315318,2007-05-29T00:00:00Z,441 Buckingham Ave.,13210
43.0568050616,-76.1680240196,2007-05-24T00:00:00Z,551 Spencer St.,13204
43.0502185088,-76.1596407435,2007-05-23T00:00:00Z,400 Erie Blvd West,13204
43.0357367032,-76.1101905733,2007-05-23T00:00:00Z,1036 Meadowbrook Dr.,13224
43.0656082493,-76.1478406144,2007-05-21T00:00:00Z,405 Carbon St.,13208
43.052371828,-76.1535533915,2007-05-18T00:00:00Z,223 N. Clinton St.,13202
43.0421196254,-76.1004259137,2007-05-17T00:00:00Z,101 Hurlburt Rd.,13224
43.0533331026,-76.152942698,2007-05-15T00:00:00Z,120 Herald Pl.,13202
43.0028128818,-76.1417282787,2007-05-08T00:00:00Z,125 Roney Road,13205
43.0407889126,-76.1560816765,2007-05-07T00:00:00Z,385 W. Onondaga St.,13202
43.013487598,-76.126829941,2007-05-06T00:00:00Z,134 Jean Ave.,13210
43.0326810574,-76.1110442895,2007-05-02T00:00:00Z,908 Meadowbrook Dr.,13224
43.0429431136,-76.1837486209,2007-05-01T00:00:00Z,Burnet Park Ice Rink,13204
43.0607380924,-76.1976488618,2007-04-27T00:00:00Z,1320 Willis Ave.,13204
43.0022239233,-76.1293761928,2007-04-27T00:00:00Z,971 E. Brighton Ave.,13205
43.0525090512,-76.147647627,2007-04-27T00:00:00Z,E. James St. & Burns Ave.,13203
43.0504239868,-76.1276085503,2007-04-24T00:00:00Z,Erie Blvd. East & S. Beech St.,13210
43.066320842,-76.1620469811,2007-04-22T00:00:00Z,Sunset Ave & Turtle St.,13204
43.0036640728,-76.1312076139,2007-04-14T00:00:00Z,930 E. Brighton Ave.,13205
43.0659991631,-76.1616023358,2007-04-10T00:00:00Z,320 Sunset Ave.,13204
43.0834535973,-76.1484691071,2007-04-10T00:00:00Z,Lemoyne Ave,13208
43.0562192811,-76.1149337309,2007-04-08T00:00:00Z,Gale Ave. & Burnet Ave.,13206
43.063351771,-76.1260797156,2007-04-02T00:00:00Z,Wilson St. & James St.,13203
43.0562192811,-76.1149337309,2007-03-30T00:00:00Z,Gale Ave. & Burnet Ave.,13206
43.0226152652,-76.1368738253,2007-03-29T00:00:00Z,Moore Ave. & Penta Dr.,13210
43.0679047669,-76.1253782382,2007-03-28T00:00:00Z,Dorchester Rd. & Rugby Rd.,13203
43.0678957514,-76.1253253722,2007-03-26T00:00:00Z,102 Dorchester Ave.,13203
43.060661038,-76.1978718129,2007-03-26T00:00:00Z,1320 Willis Ave.,13204
43.0690236071,-76.091974704,2007-03-22T00:00:00Z,East James St. & Burns Ave.,13206
43.0255201128,-76.1333339647,2007-03-20T00:00:00Z,115 Hughes Pl.,13210
43.0423653357,-76.1532256893,2007-03-17T00:00:00Z,213 W. Adams St.,13202
43.0542807679,-76.1154949856,2007-03-17T00:00:00Z,330 Peat St.,13210
42.9889541491,-76.1366516699,2007-03-16T00:00:00Z,301 Maplewood Dr.,13205
43.0268853302,-76.1808093318,2007-03-16T00:00:00Z,Argonne Dr. & Reed Ave.,13207
43.0761890217,-76.1543689792,2007-03-09T00:00:00Z,950 Turtle St.,13208
43.0572638431,-76.1721067586,2007-03-08T00:00:00Z,Giminski St. & Spencer St.,13204
43.0401672535,-76.1531285523,2007-03-07T00:00:00Z,Oneida St. & Temple St.,13202
43.0572638431,-76.1721067586,2007-03-07T00:00:00Z,Spencer St. & Giminski Dr.,13204
42.996219086,-76.1401142425,2007-03-07T00:00:00Z,207 Weymouth Rd.,13205
43.0685961984,-76.1621045334,2007-03-06T00:00:00Z,N. Salina St. & Bear St.,13208
43.0298820897,-76.1892376215,2007-03-04T00:00:00Z,151 Sunhill Terrace,13207
43.0549438701,-76.1705770796,2007-03-04T00:00:00Z,609 N Geddes St.,13204
43.0532194577,-76.1767824761,2007-03-03T00:00:00Z,1230 W. Genesee St.,13204
43.049288557,-76.1752640895,2007-03-01T00:00:00Z,125 Lakeview Ave.,13204
43.0750596732,-76.1553131419,2007-03-01T00:00:00Z,Turtle St. & Grant Blvd.,13208
43.0729368968,-76.1138069119,2007-02-27T00:00:00Z,Cowie Ave. & North Ave.,13206
43.0230711066,-76.1997948432,2007-02-24T00:00:00Z,315 Broadview Dr.,13215
43.0321012268,-76.158863015,2007-02-23T00:00:00Z,686 South Ave.,13207
43.036244069,-76.1617474173,2007-02-23T00:00:00Z,150 Rich St.,13204
43.0232980557,-76.2001739829,2007-02-21T00:00:00Z,312 Broadview Dr.,13215
43.0358014166,-76.1615514972,2007-02-20T00:00:00Z,Rich St. & Tallman St.,13204
43.0361591748,-76.1455187379,2007-02-20T00:00:00Z,358 Oakwood Ave.,13202
43.061754934,-76.1057984248,2007-02-18T00:00:00Z,404 S. Edwards Ave.,13206
42.986562109,-76.1379789042,2007-02-18T00:00:00Z,317 Parrish Lane,13205
43.0650140644,-76.1226951659,2007-02-17T00:00:00Z,James St. & Teall Ave.,13206
43.0530377589,-76.1302355063,2007-02-17T00:00:00Z,329 Elm St.,13203
43.0284835857,-76.1598324744,2007-02-17T00:00:00Z,207 Crescent Ave.,13207
43.0243968577,-76.1497551693,2007-02-17T00:00:00Z,427 W. Colvin St.,13205
43.0728348313,-76.1265381399,2007-02-15T00:00:00Z,707 Grant Blvd.,13203
43.0024535403,-76.1426521467,2007-02-15T00:00:00Z,106-108 Roney Lane,13205
43.0524759923,-76.1300456875,2007-02-13T00:00:00Z,310 Elm St.,13203
43.0405822958,-76.1364094929,2007-02-13T00:00:00Z,111 Waverly Ave.,13210
43.0320281457,-76.1129761553,2007-02-13T00:00:00Z,815-817 Meadowbrook Dr.,13210
43.0699872225,-76.111949444,2007-02-12T00:00:00Z,221 Arnett Av.,13206
43.0482179795,-76.1147684564,2007-02-12T00:00:00Z,E. Fayette St  & Westmoreland Ave.,13224
43.0415838098,-76.1582401848,2007-02-12T00:00:00Z,125 Shonnard St.,13204
43.050659002,-76.1320129986,2007-02-12T00:00:00Z,Walnut Ave. & Erie Blvd.,13210
43.0212691795,-76.132650665,2007-02-12T00:00:00Z,204 Vincent Ave.,13210
43.0423887583,-76.1540256206,2007-02-11T00:00:00Z,200 Oneida St.,13202
43.0492241923,-76.1662350064,2007-02-09T00:00:00Z,Tracy St. & VanRensselaer,13204
43.078220513,-76.1464955249,2007-02-09T00:00:00Z,1500 Court St,13208
43.0744601629,-76.1100299725,2007-02-08T00:00:00Z,339 Norwood Ave.,13206
43.0176493967,-76.1295799655,2007-02-07T00:00:00Z,945 Jamesville Ave.,13210
43.0133593187,-76.1417311916,2007-02-07T00:00:00Z,Matson St. & South Salina St.,13205
43.0486818902,-76.1514805777,2007-02-07T00:00:00Z,E Fayette St. & Bank Alley,13202
43.0486818902,-76.1514805777,2007-02-06T00:00:00Z,E Fayette St. & Bank Alley,
43.0424564241,-76.1537942795,2007-02-06T00:00:00Z,250  West Adams St.,13202
43.0393526926,-76.1355297766,2007-02-06T00:00:00Z,250 University Pl.,13210
43.0505160537,-76.1038346452,2007-02-06T00:00:00Z,Seeley Ave & Mountainview Ave.,13224
43.0348062396,-76.1470355788,2007-02-05T00:00:00Z,1319 South State St.,13202
43.0603528614,-76.1967145492,2007-02-05T00:00:00Z,1025 Emerson Ave.,13204
43.0289789602,-76.1955640901,2007-02-05T00:00:00Z,116 Huntington Rd.,13219
43.0622700552,-76.1569816481,2007-02-04T00:00:00Z,208 Basin St.,13208
43.0653605513,-76.1634120017,2007-02-04T00:00:00Z,1068 South Clinton St.,13204
43.0117803254,-76.1583945158,2007-02-03T00:00:00Z,121 Marvin Rd.,13207
43.050169747,-76.1693285021,2007-02-03T00:00:00Z,240 Richmond Ave.,13204
43.0306436352,-76.1127272792,2007-02-03T00:00:00Z,801 Cumberland Ave.,13210
42.9919214585,-76.1372989023,2007-02-03T00:00:00Z,Windmere Drive & Sunrise Dr.,13205
43.0792213902,-76.155642697,2007-02-02T00:00:00Z,1131 LeMoyne Ave,13208
43.0594332495,-76.156791344,2007-02-02T00:00:00Z,West Division St. & North Clinton St.,13204
43.055188644,-76.1453555541,2007-02-02T00:00:00Z,511 N McBride St.,13203
43.0356231284,-76.1798091885,2007-02-02T00:00:00Z,613 Rowland St.,13204
43.0594332495,-76.156791344,2007-02-01T00:00:00Z,West Division St. & North Clinton St.,13204
43.0426362743,-76.1405062856,2007-02-01T00:00:00Z,E Adams St & Sarah Logan Drive,13210
43.027143909,-76.1981487373,2007-01-31T00:00:00Z,122 Highbridge Drive,13215
43.0108492909,-76.1700634063,2007-01-29T00:00:00Z,200 Mitchell Ave.,13207
43.0820274696,-76.1582833602,2007-01-28T00:00:00Z,1050 Hiawatha Blvd East.,13208
43.0028618212,-76.1336310808,2007-01-27T00:00:00Z,505 East Seneca Turnpike,13205
43.0481935125,-76.1126605865,2007-01-27T00:00:00Z,East Fayette St. & Croly St.,13224
42.9948712976,-76.1368497105,2007-01-26T00:00:00Z,170 Thurlow Dr.,13205
43.0534398292,-76.1276576762,2007-01-26T00:00:00Z,325 North Beech St.,13203
43.0670483624,-76.0918516455,2007-01-25T00:00:00Z,Northcliff Ave. & Burns Ave.,13206
43.0080160738,-76.1427555479,2007-01-24T00:00:00Z,Anderson Ave. & South Salina St.,13205
42.9942329674,-76.1376324889,2007-01-24T00:00:00Z,317 Sunrise Dr.,13205
43.0426362743,-76.1405062856,2007-01-22T00:00:00Z,750 East Adams St.,13210
43.0426506896,-76.1344260092,2007-01-22T00:00:00Z,Adams St. & University Ave.,13210
43.0473136117,-76.1604025421,2007-01-22T00:00:00Z,Marcellus St. & Wyoming St.,13204
43.0576221294,-76.190742181,2007-01-20T00:00:00Z,821 Emerson Ave.,13204
43.0441504298,-76.1371950614,2007-01-20T00:00:00Z,850 Harrison St.,13210
43.0231285182,-76.1368375022,2007-01-19T00:00:00Z,245 Moore Ave.,13210
43.0529326929,-76.1841924645,2007-01-17T00:00:00Z,1850  West Fayette St.,13204
43.0117639425,-76.1585537924,2007-01-16T00:00:00Z,127 Marvin Rd.,13207
43.03429401,-76.1601753563,2007-01-11T00:00:00Z,166 Hudson St.,13204
43.0404098498,-76.1648217282,2007-01-10T00:00:00Z,210-212 Merriman Ave.,13204
43.0521651363,-76.183606577,2007-01-08T00:00:00Z,1801  West Fayette St.,13204
43.0612673791,-76.1973096763,2007-01-05T00:00:00Z,101 Kane Rd.,13204
43.0599359337,-76.1966940154,2007-01-05T00:00:00Z,Erie Blvd West. & Emerson Ave.,13204
